"uuid","page_condition","page_id","rt","adjust_rt","scrolling_time","num_words","correct_rate","img_width","age","device","dyslexia","education","gender","language","retake","dyslexia_bin","english_native","Flesch_Kincaid","speed","rsd"
"0010d921-1f71-4511-834a-55096185fabb",0,"1-1",64213,62798,1415,324,0.666666666666667,1135,19,"laptop",0,"high school",1,"English",0,0,"Y",9.6,309.563998853467,1
"0010d921-1f71-4511-834a-55096185fabb",1,"1-2",60796,43012,17784,383,1,1135,19,"laptop",0,"high school",1,"English",0,0,"Y",10.485,534.269506184321,1.5
"0023cb4d-a3f6-4163-8761-a07914b40754",0,"3-2",23792,21138,2654,120,0.666666666666667,1150,21,"laptop",0,"high school",1,"Other",0,0,"N",10.697,340.618790803293,1
"0111fc3b-685f-4756-9692-67ace3297314",0,"2-1",39929,38421,1508,145,1,1438,19,"desktop",0,"college",0,"English",0,0,"Y",8.337,226.438666354337,1
"0111fc3b-685f-4756-9692-67ace3297314",1,"2-2",42367,41263,1104,166,1,1438,19,"desktop",0,"college",0,"English",0,0,"Y",7.638,241.378474662531,1
"014c91ae-55d5-4aab-87e7-77c677f8a128",0,"3-2",28369,28111,258,120,1,1212,25,"laptop",0,"college",1,"English",0,0,"Y",10.697,256.127494575077,1
"014c91ae-55d5-4aab-87e7-77c677f8a128",1,"3-1",27458,26242,1216,106,1,1212,25,"laptop",0,"college",1,"English",0,0,"Y",11.081,242.35957625181,0.5
"01793098-f0e2-4ef8-a0eb-706a0584332d",0,"1-2",127301,125380,1921,383,1,1438,31,"desktop",2,"graduate school",0,NA,0,1,NA,10.485,183.282820226511,5
"020bf19f-ab82-4c2a-8fb3-fbaab33412fd",0,"1-1",131637,127958,3679,324,0.666666666666667,1294,29,"laptop",0,"college",1,"Russian",0,0,"N",9.6,151.924850341518,1.5
"020bf19f-ab82-4c2a-8fb3-fbaab33412fd",1,"1-2",86342,82355,3987,383,0.666666666666667,1294,29,"laptop",0,"college",1,"Russian",0,0,"N",10.485,279.035881245826,1
"023c99b1-f32a-4d79-b5d7-197ac75591e2",0,"1-1",102320,98645,3675,324,1,1438,58,"desktop",0,"professional school",0,"English",0,0,"Y",9.6,197.070302600233,5
"023c99b1-f32a-4d79-b5d7-197ac75591e2",1,"1-2",81450,78604,2846,383,1,1438,58,"desktop",0,"professional school",0,"English",0,0,"Y",10.485,292.351534273065,3
"025562fd-3b78-416d-b71d-1bab3f5fe6b6",0,"3-1",14214,10663,3551,106,1,1150,23,"laptop",0,"high school",0,"German",0,0,"N",11.081,596.45503141705,0.5
"025562fd-3b78-416d-b71d-1bab3f5fe6b6",1,"3-2",45841,33099,12742,120,1,1150,23,"laptop",0,"high school",0,"German",0,0,"N",10.697,217.529230490347,1
"028c35ca-c434-4a6c-9706-5752290c6d4a",0,"1-2",75856,73338,2518,383,1,1439,35,"laptop",0,"professional school",0,"English",0,0,"Y",10.485,313.343696310235,2
"028c35ca-c434-4a6c-9706-5752290c6d4a",1,"1-1",67345,65974,1371,324,0.666666666666667,1439,35,"laptop",0,"professional school",0,"English",0,0,"Y",9.6,294.661533331312,1.5
"036b67f1-2e0e-4bc3-9616-c53f4bdeebf6",0,"1-1",109633,104257,5376,324,1,1294,24,"laptop",0,"college",0,"English",0,0,"Y",9.6,186.462299893532,2
"03f385b7-6b1b-4549-95f3-1d999b1df64a",0,"1-2",54702,51465,3237,383,0.666666666666667,1150,13,"laptop",0,"high school",1,"English",0,0,"Y",10.485,446.517050422617,1
"03f385b7-6b1b-4549-95f3-1d999b1df64a",1,"1-1",57575,50610,6965,324,1,1150,13,"laptop",0,"high school",1,"English",0,0,"Y",9.6,384.113811499704,1.5
"05407942-f651-4129-adc8-541378ce6ac3",0,"2-1",39275,38411,864,145,1,1438,30,"laptop",0,"college",0,"English",0,0,"Y",8.337,226.497617869881,1.5
"05407942-f651-4129-adc8-541378ce6ac3",1,"2-2",68226,64903,3323,166,0.666666666666667,1438,30,"laptop",0,"college",0,"English",0,0,"Y",7.638,153.459778438593,3
"05a92b52-f72a-42f9-936c-9258bf385bf3",0,"1-1",83143,73893,9250,324,1,1212,52,"laptop",1,"graduate school",1,"English",0,1,"Y",9.6,263.083106654216,3
"05a92b52-f72a-42f9-936c-9258bf385bf3",1,"1-2",82294,68337,13957,383,0.666666666666667,1212,52,"laptop",1,"graduate school",1,"English",0,1,"Y",10.485,336.274638921814,3.5
"0662696f-dad0-4850-8d7a-6a843036c294",1,"3-1",30465,29320,1145,106,1,1438,22,"desktop",0,"college",0,"English",0,0,"Y",11.081,216.916780354707,0.5
"06d98056-2cc4-4216-85e9-e3fe7d5751fe",0,"1-2",60443,45150,15293,383,1,1212,18,"laptop",0,"college",0,"English",0,0,"Y",10.485,508.970099667774,1
"06d98056-2cc4-4216-85e9-e3fe7d5751fe",1,"1-1",59757,54181,5576,324,1,1212,18,"laptop",0,"college",0,"English",0,0,"Y",9.6,358.797364389731,5
"087aef1b-10d8-4753-a39d-25591695d5fa",0,"2-2",49971,46163,3808,166,1,1365,27,"laptop",0,"PhD",0,"English",0,0,"Y",7.638,215.757208153716,2
"087aef1b-10d8-4753-a39d-25591695d5fa",1,"2-1",50037,46234,3803,145,1,1365,27,"laptop",0,"PhD",0,"English",0,0,"Y",8.337,188.173205865813,1.5
"08aad1ce-a5a5-4558-819a-80e470e455fa",0,"1-1",109193,102469,6724,324,0.666666666666667,1294,51,"other",0,"college",1,NA,0,0,NA,9.6,189.715914081332,1.5
"08aad1ce-a5a5-4558-819a-80e470e455fa",1,"1-2",121444,112895,8549,383,0.666666666666667,1294,51,"other",0,"college",1,NA,0,0,NA,10.485,203.551973072324,2
"08e0c3b1-652b-4be1-b8fb-e30789efca15",0,"2-2",29574,27121,2453,166,1,1438,37,"laptop",0,"graduate school",1,"English",0,0,"Y",7.638,367.243095756056,2
"08e0c3b1-652b-4be1-b8fb-e30789efca15",1,"2-1",35608,34722,886,145,1,1438,37,"laptop",0,"graduate school",1,"English",0,0,"Y",8.337,250.561603594263,1
"0939d037-9073-4b45-beef-4b1a9cb29fc6",0,"3-2",31204,21515,9689,120,1,1438,26,"desktop",0,"college",1,"English",0,0,"Y",10.697,334.650244015803,1.5
"0c06a58b-c629-43ce-8f6c-2a140dd88b66",1,"1-1",59194,49579,9615,324,1,1150,21,"laptop",0,"college",0,"English",0,0,"Y",9.6,392.101494584401,1
"0d304788-a11c-471d-900e-323afd0cc99d",0,"3-2",31719,30402,1317,120,1,1438,23,"desktop",0,"college",0,"Other",0,0,"N",10.697,236.826524570752,0.5
"0d304788-a11c-471d-900e-323afd0cc99d",1,"3-1",27268,25948,1320,106,1,1438,23,"desktop",0,"college",0,"Other",0,0,"N",11.081,245.105595806999,0.5
"0e27148e-216f-4fe9-9572-c1317d616ac9",1,"1-2",108710,101134,7576,383,1,1423,36,"desktop",1,"college",0,"French",0,1,"N",10.485,227.223287915043,3
"0ea68c5a-057a-46c5-afda-4dbf75e4c5c4",0,"2-2",37771,28964,8807,166,0.666666666666667,1438,29,"laptop",0,"graduate school",0,"Other",0,0,"N",7.638,343.875155365281,1
"0ea68c5a-057a-46c5-afda-4dbf75e4c5c4",1,"2-1",31760,23773,7987,145,1,1438,29,"laptop",0,"graduate school",0,"Other",0,0,"N",8.337,365.961384764228,1.5
"0ee8e6e8-930f-441a-8244-d7788041cf5b",1,"3-2",28758,19495,9263,120,1,1438,27,"desktop",0,"graduate school",0,"English",0,0,"Y",10.697,369.325468068736,0.5
"0fd5e38b-fd91-40c0-b154-d407eba53e1f",0,"1-2",83523,79095,4428,383,1,1438,41,"desktop",0,"graduate school",1,"English",0,0,"Y",10.485,290.536696377774,2
"0fd5e38b-fd91-40c0-b154-d407eba53e1f",1,"1-1",89042,84764,4278,324,0.666666666666667,1438,41,"desktop",0,"graduate school",1,"English",0,0,"Y",9.6,229.342645462696,2
"100567eb-57a5-424e-86c1-4a02cc690c8d",0,"3-2",51453,46534,4919,120,1,1423,43,"laptop",0,"college",1,"English",0,0,"Y",10.697,154.725576997464,7
"100567eb-57a5-424e-86c1-4a02cc690c8d",1,"3-1",55999,50660,5339,106,1,1423,43,"laptop",0,"college",1,"English",0,0,"Y",11.081,125.542834583498,1
"123cbcaa-5ea4-4b59-85fb-394a9549a516",0,"1-2",46695,43626,3069,383,0.666666666666667,1438,47,"desktop",2,"PhD",1,"Romanian",0,1,"N",10.485,526.750103149498,0.5
"134bf53e-1ea2-4b61-b39f-a1e444535f80",0,"3-1",57167,37473,19694,106,1,1294,62,"laptop",1,"graduate school",1,"English",0,1,"Y",11.081,169.722199983988,3
"134bf53e-1ea2-4b61-b39f-a1e444535f80",1,"3-2",77985,68085,9900,120,1,1294,62,"laptop",1,"graduate school",1,"English",0,1,"Y",10.697,105.750165234633,4
"14bf8206-4d05-43c0-84e6-984bbe11a47f",1,"1-2",74317,58511,15806,383,1,1281,59,"laptop",0,"graduate school",1,"English",0,0,"Y",10.485,392.746663020629,1.5
"154c0760-9c47-435f-8335-5f1178d12e46",1,"1-2",60628,53304,7324,383,1,1212,20,"laptop",0,"college",0,"English",0,0,"Y",10.485,431.112111661414,1
"15a5a588-84f1-47b6-8ff7-3b5dd3065df8",0,"2-1",39422,38421,1001,145,1,1212,18,"laptop",2,"college",1,"Portuguese",0,1,"N",8.337,226.438666354337,1.5
"15a5a588-84f1-47b6-8ff7-3b5dd3065df8",1,"2-2",42934,39947,2987,166,1,1212,18,"laptop",2,"college",1,"Portuguese",0,1,"N",7.638,249.330362730618,2
"16d05f08-7a7f-4b5e-ac3f-b7a64a5ec349",0,"3-2",33355,32501,854,120,1,1438,28,"desktop",0,"college",0,"English",0,0,"Y",10.697,221.531645180148,2
"16d05f08-7a7f-4b5e-ac3f-b7a64a5ec349",1,"3-1",24034,23606,428,106,1,1438,28,"desktop",0,"college",0,"English",0,0,"Y",11.081,269.423028043718,1.5
"16d93a7f-b378-4f6c-ba62-8e7479afc2d3",0,"2-1",22228,15616,6612,145,1,1150,21,"laptop",0,"college",0,"English",0,0,"Y",8.337,557.120901639344,0.5
"177ecf4d-6409-4d73-8060-099d85c7a2f4",1,"1-1",169340,155069,14271,324,0.666666666666667,1366,27,"laptop",1,"graduate school",0,"Polish",0,1,"N",9.6,125.363547839994,5
"17e9c042-57f7-4dbd-b484-3216d2baa9f7",0,"1-2",47683,44060,3623,383,1,1135,20,"desktop",0,"high school",1,"English",0,0,"Y",10.485,521.56150703586,1.5
"1807eb20-6d3a-4efc-a8c4-8901ef1fca5f",1,"3-2",41052,31295,9757,120,1,1212,23,"laptop",0,"college",1,"English",0,0,"Y",10.697,230.068701070459,1
"18ff52ad-d2e9-4d03-b775-d01403f19b51",0,"3-1",29472,23666,5806,106,1,1423,19,"laptop",0,"high school",1,"English",0,0,"Y",11.081,268.739964506042,0.5
"18ff52ad-d2e9-4d03-b775-d01403f19b51",1,"3-2",31792,27569,4223,120,1,1423,19,"laptop",0,"high school",1,"English",0,0,"Y",10.697,261.162900359099,0.5
"1ab057fb-ac2e-4650-88bc-ede767006043",1,"2-2",52798,52180,618,166,1,1135,16,"desktop",0,"pre-high school",1,"German",0,0,"N",7.638,190.877730931391,4
"1b57438e-b823-4e70-95b2-c4659c379273",0,"1-2",104891,101106,3785,383,1,1438,58,"desktop",0,"college",1,"English",0,0,"Y",10.485,227.286214467984,2.5
"1b57438e-b823-4e70-95b2-c4659c379273",1,"1-1",101876,98586,3290,324,0.666666666666667,1438,58,"desktop",0,"college",1,"English",0,0,"Y",9.6,197.188241738178,2
"1d254f4a-ccab-4a27-8b17-ee0f21b472b4",0,"1-2",85632,65796,19836,383,0.666666666666667,880,53,"tablet",0,"professional school",1,"English",0,0,"Y",10.485,349.261353273755,2.5
"1d254f4a-ccab-4a27-8b17-ee0f21b472b4",1,"1-1",128681,79068,49613,324,0.666666666666667,880,53,"tablet",0,"professional school",1,"English",0,0,"Y",9.6,245.864319320079,3
"1ea0eab0-36ee-4a7f-a855-db0d0c545a87",0,"3-1",28585,22069,6516,106,1,880,32,"tablet",0,"graduate school",1,"English",0,0,"Y",11.081,288.187049707735,0.5
"1ea0eab0-36ee-4a7f-a855-db0d0c545a87",1,"3-2",37412,33456,3956,120,1,880,32,"tablet",0,"graduate school",1,"English",0,0,"Y",10.697,215.208034433286,1
"203a6897-eaef-44f2-ac30-f8e9d95fa886",0,"3-1",67378,52923,14455,106,1,880,58,"tablet",0,"PhD",1,"English",0,0,"Y",11.081,120.174593277025,2
"203a6897-eaef-44f2-ac30-f8e9d95fa886",1,"3-2",63632,49335,14297,120,1,880,58,"tablet",0,"PhD",1,"English",0,0,"Y",10.697,145.941015506233,3
"20707557-d86f-471c-bd39-ce12b5d290c3",0,"3-1",45096,35511,9585,106,0.666666666666667,1294,19,"laptop",0,"college",1,"English",0,0,"Y",11.081,179.099433978204,0.5
"215f1a41-46c0-40a1-85ef-c155bf665a45",0,"3-1",31929,28933,2996,106,1,1135,25,"laptop",0,"graduate school",1,"English",0,0,"Y",11.081,219.818200670515,1
"215f1a41-46c0-40a1-85ef-c155bf665a45",1,"3-2",34102,30683,3419,120,1,1135,25,"laptop",0,"graduate school",1,"English",0,0,"Y",10.697,234.657628002477,1.5
"24aa2b4b-800c-4a4a-bac9-727b1065e142",0,"1-1",47311,39928,7383,324,1,1281,25,"laptop",0,"college",1,"English",0,0,"Y",9.6,486.876377479463,2
"24aa2b4b-800c-4a4a-bac9-727b1065e142",1,"1-2",43019,36409,6610,383,1,1281,25,"laptop",0,"college",1,"English",0,0,"Y",10.485,631.162624625779,1.5
"24c1cc74-742c-4c92-860a-7a2fa7659727",0,"1-2",35440,31058,4382,383,0.666666666666667,1438,27,"laptop",1,"college",1,"English",0,1,"Y",10.485,739.905982355593,2.5
"24c1cc74-742c-4c92-860a-7a2fa7659727",1,"1-1",60213,50413,9800,324,0.666666666666667,1438,27,"laptop",1,"college",1,"English",0,1,"Y",9.6,385.6148215738,1.5
"253f1616-4a99-4ebf-8086-6ecb195f5fc8",1,"2-2",34486,31772,2714,166,1,1281,45,"desktop",0,"graduate school",1,"English",0,0,"Y",7.638,313.483570439381,3.5
"255498f6-e198-4a41-a057-5d4ddc6af950",0,"3-1",47218,42351,4867,106,1,1137,23,"laptop",0,"high school",1,"Swedish",0,0,"N",11.081,150.173549621024,1.5
"255498f6-e198-4a41-a057-5d4ddc6af950",1,"3-2",45733,44475,1258,120,1,1137,23,"laptop",0,"high school",1,"Swedish",0,0,"N",10.697,161.888701517707,1.5
"264b7cb3-a20d-4fe4-9f75-2a0dda8f6300",1,"1-1",29435,26032,3403,324,0.666666666666667,1438,44,"desktop",0,"graduate school",1,NA,0,0,NA,9.6,746.773202212661,1
"276e0af6-a9e3-4de0-8f77-6dbf7f9e3c15",0,"2-1",15293,14786,507,145,0.666666666666667,1333,21,"laptop",0,NA,0,"English",0,0,"Y",8.337,588.394427160828,0.5
"276e0af6-a9e3-4de0-8f77-6dbf7f9e3c15",1,"2-2",18822,18022,800,166,1,1333,21,"laptop",0,NA,0,"English",0,0,"Y",7.638,552.657862612363,0.5
"28c7542a-c3f8-419b-80a0-8f4c706e2c61",0,"1-1",125616,117829,7787,324,1,880,19,"tablet",0,"high school",1,"English",0,0,"Y",9.6,164.98485092804,2
"28c7542a-c3f8-419b-80a0-8f4c706e2c61",1,"1-2",104441,84786,19655,383,1,880,19,"tablet",0,"high school",1,"English",0,0,"Y",10.485,271.035312433656,3
"2969f3fa-0544-46ff-b5ad-5f14fa846a7f",0,"3-2",49322,43812,5510,120,1,880,58,"tablet",2,"professional school",1,"English",0,1,"Y",10.697,164.338537387017,2
"2969f3fa-0544-46ff-b5ad-5f14fa846a7f",1,"3-1",42942,32608,10334,106,1,880,58,"tablet",2,"professional school",1,"English",0,1,"Y",11.081,195.0441609421,2.5
"2a29612d-37ba-41fa-b45f-004677aa5908",1,"2-2",22143,18757,3386,166,1,1137,28,"laptop",0,"graduate school",1,"English",0,0,"Y",7.638,531.001759343179,2
"2a4a5564-46af-455d-ac9d-673d538c2e7f",0,"3-2",34801,32512,2289,120,1,1438,52,"desktop",0,"graduate school",0,"English",0,0,"Y",10.697,221.456692913386,2
"2a4a5564-46af-455d-ac9d-673d538c2e7f",1,"3-1",26679,25613,1066,106,1,1438,52,"desktop",0,"graduate school",0,"English",0,0,"Y",11.081,248.311404364971,1.5
"2baf6ca8-ba5b-45f6-860e-359b139766f2",1,"2-2",26169,24517,1652,166,1,1438,34,"desktop",2,"professional school",0,"English",0,1,"Y",7.638,406.24872537423,1
"2de720d4-ef3b-4064-9437-2886a4fb5d23",1,"3-2",37025,28235,8790,120,1,1281,17,"laptop",0,"high school",0,"English",0,0,"Y",10.697,255.00265627767,1
"2e174514-6907-4570-ab73-1d42a3521a95",0,"1-1",44262,42612,1650,324,0.666666666666667,1438,23,"laptop",0,"graduate school",0,"Finnish",0,0,"N",9.6,456.209518445508,1
"2e174514-6907-4570-ab73-1d42a3521a95",1,"1-2",55096,52770,2326,383,0.666666666666667,1438,23,"laptop",0,"graduate school",0,"Finnish",0,0,"N",10.485,435.474701534963,1
"2e1d768a-de6d-4d56-ba2d-acc494ec8687",0,"2-2",83170,72972,10198,166,1,1438,28,"laptop",0,"college",0,"English",0,0,"Y",7.638,136.490708765006,2
"2e1d768a-de6d-4d56-ba2d-acc494ec8687",1,"2-1",78052,72448,5604,145,1,1438,28,"laptop",0,"college",0,"English",0,0,"Y",8.337,120.086130742049,2
"2ee3c271-be10-41d8-b778-9c5d7d5b6e52",0,"1-1",96523,94332,2191,324,1,1212,32,"laptop",0,"high school",0,"English",0,0,"Y",9.6,206.080651316626,2.5
"2ee3c271-be10-41d8-b778-9c5d7d5b6e52",1,"1-2",90314,86069,4245,383,1,1212,32,"laptop",0,"high school",0,"English",0,0,"Y",10.485,266.995085338507,2.5
"2fbee4a6-4fd6-4fa0-83b2-b180fee815e0",0,"2-1",43382,42791,591,145,0.666666666666667,1135,20,"laptop",0,"high school",1,"Chinese",0,0,"N",8.337,203.313780935243,1.5
"2fbee4a6-4fd6-4fa0-83b2-b180fee815e0",1,"2-2",33193,31671,1522,166,1,1135,20,"laptop",0,"high school",1,"Chinese",0,0,"N",7.638,314.483281235199,1.5
"30a1bff8-ce7b-4ea8-bfd0-579a06f06269",0,"3-1",24550,22444,2106,106,1,1135,22,"laptop",0,"college",0,"English",0,0,"Y",11.081,283.371947959366,1
"30f84640-2830-433d-94f8-24d5a11d93c1",0,"3-2",33550,31893,1657,120,1,1212,22,"laptop",0,"graduate school",1,"Vietnamese",0,0,"N",10.697,225.754867839338,0.5
"30f84640-2830-433d-94f8-24d5a11d93c1",1,"3-1",24315,23281,1034,106,1,1212,22,"laptop",0,"graduate school",1,"Vietnamese",0,0,"N",11.081,273.184141574675,0.5
"332f3d22-0b01-4c63-9df3-aed8cc851469",1,"2-2",19664,18915,749,166,0.666666666666667,1438,22,"laptop",0,"college",0,"English",0,0,"Y",7.638,526.566217287867,0.5
"336708c2-b201-4f59-803b-092eea309d6b",0,"2-1",34066,32935,1131,145,0.666666666666667,880,33,"tablet",0,"graduate school",1,"English",0,0,"Y",8.337,264.156672233187,1
"336708c2-b201-4f59-803b-092eea309d6b",1,"2-2",35801,25332,10469,166,1,880,33,"tablet",0,"graduate school",1,"English",0,0,"Y",7.638,393.178588346755,1
"345600be-501f-47c7-b3fc-124fccea4b69",0,"1-2",129078,125270,3808,383,1,1366,20,"laptop",0,"college",1,"Chinese",0,0,"N",10.485,183.443761475214,2
"345600be-501f-47c7-b3fc-124fccea4b69",1,"1-1",128844,126553,2291,324,1,1366,20,"laptop",0,"college",1,"Chinese",0,0,"N",9.6,153.611530346969,2
"34604f27-94d7-4af3-9b8d-7c9fa836e7cb",0,"2-2",33873,32174,1699,166,1,1212,21,"laptop",0,"high school",2,"English",0,0,"Y",7.638,309.566730900727,1.5
"34604f27-94d7-4af3-9b8d-7c9fa836e7cb",1,"2-1",31583,30424,1159,145,1,1212,21,"laptop",0,"high school",2,"English",0,0,"Y",8.337,285.958453852222,1
"347a69b8-232d-4315-8829-4c6a7374bf6b",0,"3-2",21657,11362,10295,120,1,1135,19,"laptop",0,"college",1,"English",0,0,"Y",10.697,633.691251540222,1.5
"347a69b8-232d-4315-8829-4c6a7374bf6b",1,"3-1",16716,12949,3767,106,1,1135,19,"laptop",0,"college",1,"English",0,0,"Y",11.081,491.157618348907,1
"352a4090-79aa-4827-b4b0-f1bffd883940",0,"3-1",72225,67781,4444,106,1,1279,48,"desktop",0,"graduate school",0,"English",0,0,"Y",11.081,93.8316047269884,2.5
"352a4090-79aa-4827-b4b0-f1bffd883940",1,"3-2",48856,47927,929,120,1,1279,48,"desktop",0,"graduate school",0,"English",0,0,"Y",10.697,150.228472468546,1.5
"373083c9-9167-4342-aeef-ada22adbfb20",0,"3-2",32360,26648,5712,120,1,1425,21,"desktop",0,"high school",2,"English",0,0,"Y",10.697,270.189132392675,0.5
"388d3669-9c70-453c-ad4c-0d18eedac5f9",0,"1-1",60387,58702,1685,324,1,1438,24,"desktop",0,"graduate school",0,"Other",0,0,"N",9.6,331.164185206637,1
"3979e883-9ca7-4771-a299-0d6a366f1a60",0,"1-1",132243,126244,5999,324,0.666666666666667,1214,24,"laptop",0,"college",1,"English",0,0,"Y",9.6,153.987516238395,5
"417336ae-daf7-42ca-ae3d-7ebc05e0c43f",0,"3-1",49228,41906,7322,106,1,1135,22,"laptop",0,"college",1,"Dutch",0,0,"N",11.081,151.768243210996,8.5
"417336ae-daf7-42ca-ae3d-7ebc05e0c43f",1,"3-2",61775,51756,10019,120,1,1135,22,"laptop",0,"college",1,"Dutch",0,0,"N",10.697,139.114305587758,8
"41f5530d-ed72-4608-a119-a71dd31aaec0",0,"1-1",71592,67567,4025,324,1,880,35,"tablet",0,"postdoctoral",0,"French",0,0,"N",9.6,287.714416801101,1.5
"41f5530d-ed72-4608-a119-a71dd31aaec0",1,"1-2",61023,58183,2840,383,1,880,35,"tablet",0,"postdoctoral",0,"French",0,0,"N",10.485,394.960727360226,2
"422c02a2-c457-4a5a-83be-bc1fb038be39",0,"3-2",78059,51382,26677,120,1,1212,22,"laptop",0,"high school",0,"English",0,0,"Y",10.697,140.126892686155,2
"422c02a2-c457-4a5a-83be-bc1fb038be39",1,"3-1",31163,16826,14337,106,1,1212,22,"laptop",0,"high school",0,"English",0,0,"Y",11.081,377.986449542375,1
"433026dd-691b-4cc9-84a9-07dbfdd8a56b",0,"3-2",137221,118814,18407,120,1,1213,44,"laptop",NA,"college",0,"English",0,NA,"Y",10.697,60.5989193192721,5
"433026dd-691b-4cc9-84a9-07dbfdd8a56b",1,"3-1",67174,52693,14481,106,1,1213,44,"laptop",NA,"college",0,"English",0,NA,"Y",11.081,120.699144098837,3.5
"43bf127a-e9f8-4553-8ed9-5bd8a1da3ac0",0,"2-1",33223,31060,2163,145,0.666666666666667,1212,18,"laptop",0,"high school",1,"English",0,0,"Y",8.337,280.103026400515,1.5
"43bf127a-e9f8-4553-8ed9-5bd8a1da3ac0",1,"2-2",32681,29580,3101,166,1,1212,18,"laptop",0,"high school",1,"English",0,0,"Y",7.638,336.713995943205,1.5
"44593a98-060d-47ea-9a57-97e0c70027d0",0,"1-2",69384,60594,8790,383,1,1366,20,"laptop",0,"college",0,"English",0,0,"Y",10.485,379.2454698485,1
"44593a98-060d-47ea-9a57-97e0c70027d0",1,"1-1",88187,75613,12574,324,1,1366,20,"laptop",0,"college",0,"English",0,0,"Y",9.6,257.098647058046,1.5
"44b8d6dc-2654-4d3e-8ae8-d34908f2fe54",0,"3-1",22231,16706,5525,106,0.666666666666667,1150,49,"laptop",0,"college",1,"English",0,0,"Y",11.081,380.701544355321,0.5
"44b8d6dc-2654-4d3e-8ae8-d34908f2fe54",1,"3-2",27335,23198,4137,120,1,1150,49,"laptop",0,"college",1,"English",0,0,"Y",10.697,310.37158375722,1
"44e64898-8cc7-4234-86f8-f68036f35eac",0,"2-2",26410,22837,3573,166,0.666666666666667,1150,20,"laptop",0,"high school",0,"English",0,0,"Y",7.638,436.134343390113,0.5
"45b56b87-c43f-4c6f-baae-661bbb6e40c7",0,"2-1",20328,16268,4060,145,1,1438,18,"laptop",0,"high school",0,"Swedish",0,0,"N",8.337,534.79223014507,1.5
"45d0a062-50e4-4bce-b410-65ce05905a22",0,"1-1",32620,24577,8043,324,0.666666666666667,1227,15,"laptop",0,"high school",0,"Turkish",0,0,"N",9.6,790.98343980144,3.5
"45d0a062-50e4-4bce-b410-65ce05905a22",1,"1-2",66917,54166,12751,383,1,1227,15,"laptop",0,"high school",0,"Turkish",0,0,"N",10.485,424.251375401543,3
"45e73d9d-cc89-4ee6-a6e2-ab4582ed166d",0,"3-2",30489,30489,0,120,1,689,33,"tablet",2,"college",2,"English",0,1,"Y",10.697,236.150742890879,1
"45e73d9d-cc89-4ee6-a6e2-ab4582ed166d",1,"3-1",32033,32033,0,106,0.666666666666667,689,33,"tablet",2,"college",2,"English",0,1,"Y",11.081,198.54525021072,1.5
"45fb1767-91e9-4d69-83f1-3c781425982a",0,"2-1",59791,57860,1931,145,1,1150,34,"laptop",0,"college",1,"Other",0,0,"N",8.337,150.362945039751,5
"4658ea30-8a5e-4e6b-8d67-2fce1d6f7ef1",0,"2-1",32535,32535,0,145,0.666666666666667,1438,18,"desktop",0,"high school",0,"Chinese",0,0,"N",8.337,267.404333794375,1
"475f8bb1-e661-4dea-af87-86ca2a261e7f",0,"3-2",46202,44644,1558,120,1,1294,19,"laptop",0,"high school",1,"German",0,0,"N",10.697,161.275871337694,1.5
"475f8bb1-e661-4dea-af87-86ca2a261e7f",1,"3-1",33631,26436,7195,106,1,1294,19,"laptop",0,"high school",1,"German",0,0,"N",11.081,240.581025873808,1
"482de720-e72c-4225-b693-68609e6db53b",0,"2-2",29808,28530,1278,166,1,1438,30,"desktop",0,"high school",0,"English",0,0,"Y",7.638,349.106203995794,0.5
"482de720-e72c-4225-b693-68609e6db53b",1,"2-1",21062,19881,1181,145,0.666666666666667,1438,30,"desktop",0,"high school",0,"English",0,0,"Y",8.337,437.603742266486,0.5
"485838c8-c7f2-4591-a8d8-7896e1327b7d",1,"2-1",52502,49240,3262,145,1,1294,16,"laptop",0,"college",1,"English",0,0,"Y",8.337,176.685621445979,1.5
"49dd7632-70f7-4146-be5a-cad4473fb75b",0,"2-2",29852,27965,1887,166,1,1438,68,"desktop",0,"graduate school",1,"English",0,0,"Y",7.638,356.159485070624,5
"49dd7632-70f7-4146-be5a-cad4473fb75b",1,"2-1",32582,29785,2797,145,1,1438,68,"desktop",0,"graduate school",1,"English",0,0,"Y",8.337,292.093335571596,2
"49ed1805-bfda-406e-af15-31507cb3c5ac",1,"2-2",52090,49794,2296,166,1,1366,46,"desktop",0,"college",0,"English",0,0,"Y",7.638,200.024099289071,2
"4a348423-fe96-4fcb-9b2d-f32161971b4d",0,"1-1",74368,71816,2552,324,0.666666666666667,1212,22,"laptop",0,"college",0,"German",0,0,"N",9.6,270.691767851175,1
"4a348423-fe96-4fcb-9b2d-f32161971b4d",1,"1-2",72744,61915,10829,383,0.666666666666667,1212,22,"laptop",0,"college",0,"German",0,0,"N",10.485,371.154001453606,2
"4b19d929-d5f9-41df-a9d5-4176d450e799",0,"3-1",11982,10141,1841,106,1,1212,15,"laptop",0,"high school",1,"English",0,0,"Y",11.081,627.157085100089,0.5
"4b19d929-d5f9-41df-a9d5-4176d450e799",1,"3-2",11650,11650,0,120,0.666666666666667,1212,15,"laptop",0,"high school",1,"English",0,0,"Y",10.697,618.025751072961,1
"4be26ab5-1d7e-44bf-bd62-0a66c914394a",0,"2-2",24924,21482,3442,166,0.666666666666667,880,19,"tablet",0,"college",1,"Chinese",0,0,"N",7.638,463.643981007355,1.5
"4be26ab5-1d7e-44bf-bd62-0a66c914394a",1,"2-1",38977,34443,4534,145,1,880,19,"tablet",0,"college",1,"Chinese",0,0,"N",8.337,252.591237697065,2
"4bf638b5-36b4-4b87-977c-dbb48a337da5",0,"2-2",46534,46166,368,166,1,1212,20,"laptop",0,"high school",1,"German",0,0,"N",7.638,215.743187627258,3
"4bf638b5-36b4-4b87-977c-dbb48a337da5",1,"2-1",52783,48508,4275,145,1,1212,20,"laptop",0,"high school",1,"German",0,0,"N",8.337,179.351859487095,5
"4bf66c16-79cf-49d3-a150-110237af0243",0,"1-2",37104,34395,2709,383,1,1438,18,"desktop",0,"high school",0,"English",0,0,"Y",10.485,668.120366332316,0.5
"4f197cbb-93cc-4852-aad3-46d35f809f47",1,"3-2",45154,35966,9188,120,1,1438,0,"desktop",2,"professional school",0,"English",0,1,"Y",10.697,200.189067452594,2
"4f60135c-1cb1-4fe2-9178-b628b4c417e3",0,"2-1",18435,18086,349,145,0.666666666666667,1366,21,"laptop",0,"college",1,"English",0,0,"Y",8.337,481.035054738472,0.5
"4f60135c-1cb1-4fe2-9178-b628b4c417e3",1,"2-2",25362,24269,1093,166,1,1366,21,"laptop",0,"college",1,"English",0,0,"Y",7.638,410.40009889159,0.5
"4f8c5f95-808c-404c-9613-d9ad53bad8c2",0,"3-2",38945,35669,3276,120,1,1212,24,"laptop",0,"college",0,"English",0,0,"Y",10.697,201.855953348846,1
"4f8c5f95-808c-404c-9613-d9ad53bad8c2",1,"3-1",25873,23789,2084,106,1,1212,24,"laptop",0,"college",0,"English",0,0,"Y",11.081,267.350456093152,0.5
"52094e6b-59e3-4905-9151-73e21750879d",1,"3-2",20338,19480,858,120,1,1419,21,"laptop",2,"college",1,"English",0,1,"Y",10.697,369.609856262834,1
"52655f97-f8e7-48eb-9269-d5ee71ad6db4",1,"3-1",40531,36958,3573,106,0.666666666666667,1438,39,"laptop",0,"graduate school",1,"English",0,0,"Y",11.081,172.087234157693,1.5
"529af3c4-1f6c-4ced-ac86-165cb41a1629",0,"1-2",121949,118133,3816,383,1,1366,34,"laptop",0,"graduate school",0,"Spanish",0,0,"N",10.485,194.526508257642,3
"529af3c4-1f6c-4ced-ac86-165cb41a1629",1,"1-1",98154,95286,2868,324,0.666666666666667,1366,34,"laptop",0,"graduate school",0,"Spanish",0,0,"N",9.6,204.017379258233,2.5
"540ad2c3-6798-4093-8f1c-3c3a0ea94ac6",0,"3-1",15074,12672,2402,106,1,982,15,"laptop",0,"pre-high school",2,"English",0,0,"Y",11.081,501.893939393939,1
"540ad2c3-6798-4093-8f1c-3c3a0ea94ac6",1,"3-2",24941,22995,1946,120,0.666666666666667,982,15,"laptop",0,"pre-high school",2,"English",0,0,"Y",10.697,313.111545988258,2
"54c3e853-e07a-4b15-ab2d-691a120c3b32",0,"1-1",84202,69265,14937,324,1,1294,37,"laptop",0,"high school",1,"English",0,0,"Y",9.6,280.66122861474,1.5
"54c3e853-e07a-4b15-ab2d-691a120c3b32",1,"1-2",78529,47316,31213,383,1,1294,37,"laptop",0,"high school",1,"English",0,0,"Y",10.485,485.670809028658,1.5
"55ceb008-47a1-41ef-82f8-5527e474f4bb",0,"1-2",83479,53458,30021,383,1,1150,60,"laptop",0,"graduate school",1,"English",0,0,"Y",10.485,429.870178457855,1
"55ceb008-47a1-41ef-82f8-5527e474f4bb",1,"1-1",84153,66877,17276,324,1,1150,60,"laptop",0,"graduate school",1,"English",0,0,"Y",9.6,290.682895464809,1.5
"58489ac6-e6ac-479a-a4bd-f2c8e6575a10",1,"2-1",22893,22424,469,145,0.666666666666667,1438,18,"laptop",0,"high school",0,"English",0,0,"Y",8.337,387.977167320728,0.5
"5940aa1c-da60-4873-b97f-e4d89f2d1a85",0,"2-2",50817,47377,3440,166,1,1281,19,"laptop",0,"college",1,"English",0,0,"Y",7.638,210.228591932794,3
"5940aa1c-da60-4873-b97f-e4d89f2d1a85",1,"2-1",26201,19767,6434,145,1,1281,19,"laptop",0,"college",1,"English",0,0,"Y",8.337,440.12748520261,1
"5a48e48b-30ca-48ad-a397-3ecf853bb5c9",0,"3-1",86335,58208,28127,106,1,1419,26,"laptop",1,"graduate school",1,"English",0,1,"Y",11.081,109.263331500825,2
"5a48e48b-30ca-48ad-a397-3ecf853bb5c9",1,"3-2",75563,65448,10115,120,1,1419,26,"laptop",1,"graduate school",1,"English",0,1,"Y",10.697,110.01100110011,2
"5b4774fe-d450-46f1-bbcc-c33bfa496261",0,"3-2",8156,8156,0,120,0.666666666666667,1294,24,"laptop",0,"college",0,"English",0,0,"Y",10.697,882.785679254537,2
"5b4774fe-d450-46f1-bbcc-c33bfa496261",1,"3-1",17397,12403,4994,106,0.666666666666667,1294,24,"laptop",0,"college",0,"English",0,0,"Y",11.081,512.779166330726,4.5
"5b87a566-30eb-4ee6-abdd-aa5677afd103",0,"3-1",18762,18761,1,106,1,880,33,"tablet",0,"professional school",0,"Standard_Hindi",0,0,"N",11.081,339.001119343319,0.5
"5b87a566-30eb-4ee6-abdd-aa5677afd103",1,"3-2",24455,24455,0,120,0.666666666666667,880,33,"tablet",0,"professional school",0,"Standard_Hindi",0,0,"N",10.697,294.418319362094,1
"5ccdee25-cad2-481b-8033-c90162b98ec7",1,"1-2",102696,98786,3910,383,0.666666666666667,1438,28,"desktop",0,"college",0,"Other",0,0,"N",10.485,232.62405604033,2.5
"5d7b19c5-4d3a-4fc7-be3b-390f623433e0",0,"1-1",44559,22226,22333,324,1,1294,20,"laptop",0,"college",0,"English",0,0,"Y",9.6,874.651309277423,2
"5e3b5968-8333-4c18-987b-b413b916f904",0,"3-2",43566,41294,2272,120,1,1438,21,"desktop",1,"college",0,"English",0,1,"Y",10.697,174.359471109604,5
"5fc65dc4-1722-4f54-bd65-720c734f2d00",0,"3-1",33104,30722,2382,106,1,1150,28,"laptop",0,"graduate school",1,"Russian",0,0,"N",11.081,207.01777228045,0.5
"5fc65dc4-1722-4f54-bd65-720c734f2d00",1,"3-2",50197,45656,4541,120,1,1150,28,"laptop",0,"graduate school",1,"Russian",0,0,"N",10.697,157.7010688628,1
"606ec9ab-33fe-4f7e-9330-c0c5d30928c1",0,"3-1",24874,22397,2477,106,1,1438,37,"laptop",0,"professional school",1,"Standard_Hindi",0,0,"N",11.081,283.96660267,1.5
"606ec9ab-33fe-4f7e-9330-c0c5d30928c1",1,"3-2",35564,29364,6200,120,1,1438,37,"laptop",0,"professional school",1,"Standard_Hindi",0,0,"N",10.697,245.198201879853,2.5
"60fc017d-b4ee-423c-9d56-6c2a06a3697a",0,"1-1",56716,52920,3796,324,0.666666666666667,1294,27,"desktop",0,"college",0,"English",0,0,"Y",9.6,367.34693877551,1.5
"60fc017d-b4ee-423c-9d56-6c2a06a3697a",1,"1-2",60024,54931,5093,383,1,1294,27,"desktop",0,"college",0,"English",0,0,"Y",10.485,418.343012142506,1
"6111a8de-8e09-451b-b8a9-ff41d2c985e8",0,"3-1",24250,17835,6415,106,1,1294,22,"laptop",0,"college",0,"English",0,0,"Y",11.081,356.602186711522,1
"61746fb4-9306-40b6-aeb3-31222f13e4bd",0,"1-2",40843,37393,3450,383,0.666666666666667,1212,21,"laptop",1,"high school",0,"English",0,1,"Y",10.485,614.553526061027,1
"61746fb4-9306-40b6-aeb3-31222f13e4bd",1,"1-1",70089,62086,8003,324,0.666666666666667,1212,21,"laptop",1,"high school",0,"English",0,1,"Y",9.6,313.114067583674,5
"618f8406-daaa-433d-aedb-3a72a9f3a947",0,"3-2",23129,22218,911,120,1,1423,25,"desktop",0,"college",0,"English",0,0,"Y",10.697,324.061571698623,0.5
"618f8406-daaa-433d-aedb-3a72a9f3a947",1,"3-1",18543,17910,633,106,1,1423,25,"desktop",0,"college",0,"English",0,0,"Y",11.081,355.108877721943,0.5
"638f2a54-a63f-43cb-bb8d-57d901598260",0,"2-2",33059,31003,2056,166,1,1150,25,"laptop",0,"graduate school",2,"English",0,0,"Y",7.638,321.259232977454,1
"638f2a54-a63f-43cb-bb8d-57d901598260",1,"2-1",34193,28822,5371,145,0.666666666666667,1150,25,"laptop",0,"graduate school",2,"English",0,0,"Y",8.337,301.852751370481,1
"63bc2403-a08b-4c51-8b2c-01e6cbfd54d3",0,"3-2",51425,44664,6761,120,1,1227,21,"laptop",0,"college",1,"Chinese",0,0,"N",10.697,161.20365394949,2
"63bc2403-a08b-4c51-8b2c-01e6cbfd54d3",1,"3-1",53391,49188,4203,106,1,1227,21,"laptop",0,"college",1,"Chinese",0,0,"N",11.081,129.299829226641,1.5
"692642eb-92da-4af7-b9c5-d9e588a1cbf1",0,"3-1",38360,9992,28368,106,1,1212,25,"laptop",0,"college",0,"English",0,0,"Y",11.081,636.509207365893,0.5
"692642eb-92da-4af7-b9c5-d9e588a1cbf1",1,"3-2",34969,18171,16798,120,1,1212,25,"laptop",0,"college",0,"English",0,0,"Y",10.697,396.235760277365,1
"6965965e-87b6-46cf-97e0-3b7960e277c1",0,"2-1",60001,54998,5003,145,0.666666666666667,1438,43,"desktop",0,"college",1,"English",0,0,"Y",8.337,158.187570457108,3
"6965965e-87b6-46cf-97e0-3b7960e277c1",1,"2-2",60151,57196,2955,166,1,1438,43,"desktop",0,"college",1,"English",0,0,"Y",7.638,174.138051612001,1.5
"69ca58fa-5eb3-4e00-8658-df2640b449f6",0,"3-2",47995,45093,2902,120,1,1212,22,"laptop",1,"high school",1,"English",0,1,"Y",10.697,159.67001530171,1
"69ca58fa-5eb3-4e00-8658-df2640b449f6",1,"3-1",49177,45061,4116,106,1,1212,22,"laptop",1,"high school",1,"English",0,1,"Y",11.081,141.142007500943,1
"6aa0c48e-1055-44d2-9d58-385715962733",0,"3-1",105299,98940,6359,106,1,1428,19,"laptop",2,"college",0,"English",0,1,"Y",11.081,64.2813826561552,1.5
"6aa0c48e-1055-44d2-9d58-385715962733",1,"3-2",102564,97745,4819,120,1,1428,19,"laptop",2,"college",0,"English",0,1,"Y",10.697,73.6610568315515,1.5
"6e1bdd21-d51f-4497-a684-654edc44a6c9",0,"1-1",113590,111068,2522,324,1,1279,57,"laptop",0,"graduate school",0,"French",0,0,"N",9.6,175.027910829402,10
"6e1bdd21-d51f-4497-a684-654edc44a6c9",1,"1-2",124776,121261,3515,383,1,1279,57,"laptop",0,"graduate school",0,"French",0,0,"N",10.485,189.508580664847,6
"6fd65cf5-962a-4227-b24b-b2ef6f590a96",0,"1-2",49608,45135,4473,383,1,1368,27,"desktop",0,"college",2,"English",0,0,"Y",10.485,509.139248919907,1
"716744fa-dda1-4423-a78c-87e4633852b3",1,"2-2",72231,56939,15292,166,1,1294,50,"laptop",2,"graduate school",1,"English",0,1,"Y",7.638,174.924041518116,4
"7169ffc5-813b-4e4f-8e7f-9c59e92ec66b",0,"2-1",54826,54048,778,145,0.666666666666667,1135,21,"laptop",1,"college",1,"English",0,1,"Y",8.337,160.968028419183,5.5
"7169ffc5-813b-4e4f-8e7f-9c59e92ec66b",1,"2-2",46590,44162,2428,166,1,1135,21,"laptop",1,"college",1,"English",0,1,"Y",7.638,225.533263892034,5.5
"71a4495b-b507-4fbb-b247-6be543b98550",0,"2-1",28088,27004,1084,145,1,1212,22,"laptop",0,"college",0,"Other",0,0,"N",8.337,322.174492667753,1
"71a4495b-b507-4fbb-b247-6be543b98550",1,"2-2",27791,26036,1755,166,1,1212,22,"laptop",0,"college",0,"Other",0,0,"N",7.638,382.54724227992,1
"71ebc1ad-ebc2-4c5d-bc77-e372bc1b0159",0,"1-2",29615,27774,1841,383,1,1438,25,"desktop",0,"college",0,"Italian",0,0,"N",10.485,827.392525383452,0.5
"71ebc1ad-ebc2-4c5d-bc77-e372bc1b0159",1,"1-1",34103,31643,2460,324,1,1438,25,"desktop",0,"college",0,"Italian",0,0,"N",9.6,614.353885535505,0.5
"722b0462-7e9e-4278-8d36-9495f6928afb",1,"3-2",23568,19011,4557,120,1,1294,20,"laptop",0,"college",1,"English",0,0,"Y",10.697,378.728104781442,1
"72deb366-7970-47c4-9c54-b58c17c8874c",0,"3-2",60657,56951,3706,120,1,1294,54,"laptop",0,"PhD",1,"English",0,0,"Y",10.697,126.424470158557,3
"72deb366-7970-47c4-9c54-b58c17c8874c",1,"3-1",41657,38609,3048,106,1,1294,54,"laptop",0,"PhD",1,"English",0,0,"Y",11.081,164.728431194799,3.5
"7426e023-5833-4949-b5c7-457d0e2a29d3",1,"2-2",72292,67275,5017,166,1,1214,16,"laptop",1,"high school",1,"English",0,1,"Y",7.638,148.049052396878,1.5
"74a79217-122c-4027-92e4-05a4e5fb0b4c",0,"1-1",64365,49225,15140,324,1,1366,21,"laptop",0,"college",0,"English",0,0,"Y",9.6,394.921279837481,1
"74a79217-122c-4027-92e4-05a4e5fb0b4c",1,"1-2",65057,37211,27846,383,1,1366,21,"laptop",0,"college",0,"English",0,0,"Y",10.485,617.559323855849,0.5
"769bc77b-f052-4fc6-8516-94a46941667c",0,"3-1",30408,27755,2653,106,1,1438,50,"desktop",0,"graduate school",1,"English",0,0,"Y",11.081,229.147901279049,0.5
"769bc77b-f052-4fc6-8516-94a46941667c",1,"3-2",48257,47042,1215,120,1,1438,50,"desktop",0,"graduate school",1,"English",0,0,"Y",10.697,153.054717061349,1
"78dae403-7187-4be7-86de-8a1543649957",0,"1-2",126576,117737,8839,383,1,1294,28,"laptop",0,"college",0,"English",0,0,"Y",10.485,195.18078429041,1.5
"79dcc136-af62-41a5-a697-40d9b8f68d3e",0,"1-1",61281,56690,4591,324,1,1135,16,"laptop",0,"high school",0,"English",0,0,"Y",9.6,342.917622155583,1
"79dcc136-af62-41a5-a697-40d9b8f68d3e",1,"1-2",52847,43930,8917,383,0.666666666666667,1135,16,"laptop",0,"high school",0,"English",0,0,"Y",10.485,523.104939676758,1
"7a8f85f2-03e4-4714-995d-c15403d9d38b",1,"2-1",21344,19058,2286,145,0.666666666666667,1366,14,"laptop",0,"high school",0,"Finnish",0,0,"N",8.337,456.501206842271,1
"7c57c624-9ceb-493f-a5a1-f4542209969f",1,"3-1",23790,20054,3736,106,0.666666666666667,1212,23,"desktop",0,"graduate school",0,"Other",0,0,"N",11.081,317.14371197766,1
"7c73f8eb-7012-45e2-b6ad-2197ba40b925",0,"3-2",69498,63017,6481,120,1,1438,54,"desktop",2,"college",1,"English",0,1,"Y",10.697,114.254883602837,0.5
"7c73f8eb-7012-45e2-b6ad-2197ba40b925",1,"3-1",38500,32118,6382,106,1,1438,54,"desktop",2,"college",1,"English",0,1,"Y",11.081,198.019801980198,1
"7ddcdb33-a18f-47fd-8476-4e5b117b5f09",0,"1-2",104756,95842,8914,383,0.666666666666667,1150,21,"laptop",0,"college",1,"English",0,0,"Y",10.485,239.76962083429,2
"7ddd2afe-d9fe-4533-b32a-056360bcb4c9",0,"3-2",52130,44236,7894,120,1,1294,21,"laptop",0,"college",1,"German",0,0,"N",10.697,162.763360159146,1.5
"7ddd2afe-d9fe-4533-b32a-056360bcb4c9",1,"3-1",31291,25294,5997,106,1,1294,21,"laptop",0,"college",1,"German",0,0,"N",11.081,251.443029967581,0.5
"8053404b-3274-4b36-a3ed-c3f4cff86dee",0,"2-2",39434,38784,650,166,1,1212,28,"laptop",0,"college",0,"English",0,0,"Y",7.638,256.806930693069,1
"8053404b-3274-4b36-a3ed-c3f4cff86dee",1,"2-1",44389,42558,1831,145,0.666666666666667,1212,28,"laptop",0,"college",0,"English",0,0,"Y",8.337,204.426899760327,2
"828fc4a0-e2fb-4de1-93f7-f828fbdaf97e",0,"3-1",29552,26413,3139,106,1,1212,49,"laptop",0,"professional school",0,"English",0,0,"Y",11.081,240.790519819786,1.5
"832f42b1-7702-43bd-a55f-a71c4ad85b9e",0,"2-1",36050,25989,10061,145,1,1212,21,"laptop",0,"high school",1,"German",0,0,"N",8.337,334.757012582246,0.5
"832f42b1-7702-43bd-a55f-a71c4ad85b9e",1,"2-2",43082,38444,4638,166,1,1212,21,"laptop",0,"high school",1,"German",0,0,"N",7.638,259.078139631672,0.5
"84e4310e-79bb-469f-a212-a280f0defc2f",0,"3-2",48478,40619,7859,120,1,1150,49,"laptop",0,"graduate school",0,"English",0,0,"Y",10.697,177.25694871858,1
"84e4310e-79bb-469f-a212-a280f0defc2f",1,"3-1",44368,33523,10845,106,1,1278,49,"laptop",0,"graduate school",0,"English",0,0,"Y",11.081,189.72049040957,0.5
"8672882e-46f5-44a6-ac35-bfedb6323e69",0,"1-2",103955,101879,2076,383,1,1438,27,"desktop",0,"graduate school",1,"English",0,0,"Y",10.485,225.5616957371,2.5
"8672882e-46f5-44a6-ac35-bfedb6323e69",1,"1-1",94135,91000,3135,324,0.666666666666667,1438,27,"desktop",0,"graduate school",1,"English",0,0,"Y",9.6,213.626373626374,2.5
"8711ed93-34d0-4b16-b713-b1ac804d7742",1,"1-2",46103,30437,15666,383,1,880,27,"tablet",0,"college",1,"English",0,0,"Y",10.485,755.002135558695,2
"8716e0ad-f17c-4c46-97ed-2c9643a576b0",0,"1-2",75216,56194,19022,383,1,1137,62,"laptop",0,"college",0,"English",0,0,"Y",10.485,408.940456276471,1.5
"8daf6eaf-3757-49a1-9fb7-77fce259e6fc",0,"1-2",62547,51933,10614,383,1,1227,45,"laptop",0,"high school",0,"English",0,0,"Y",10.485,442.493212408295,1
"8dbae56a-69d6-470e-837f-17b3df9f2ca8",0,"2-2",42649,41558,1091,166,1,1438,20,"desktop",NA,"college",0,"English",0,NA,"Y",7.638,239.665046441118,1
"8dbae56a-69d6-470e-837f-17b3df9f2ca8",1,"2-1",38426,38192,234,145,1,1438,20,"desktop",NA,"college",0,"English",0,NA,"Y",8.337,227.796397151236,1
"8e9004ce-deac-4c35-8176-a799b50f944b",1,"2-1",37670,36353,1317,145,1,1438,25,"desktop",0,"college",1,"English",0,0,"Y",8.337,239.320001100322,2
"902669eb-08bc-4e32-8e29-a4c99c57072b",0,"3-1",28529,27119,1410,106,1,1212,26,"laptop",0,"graduate school",1,"English",0,0,"Y",11.081,234.521921899775,1
"902669eb-08bc-4e32-8e29-a4c99c57072b",1,"3-2",37402,35530,1872,120,1,1212,26,"laptop",0,"graduate school",1,"English",0,0,"Y",10.697,202.64565156206,1.5
"9175e447-1bf7-4667-bb18-dd7aacb6f4ef",0,"1-1",93904,54299,39605,324,1,1368,28,"laptop",0,"graduate school",1,"German",0,0,"N",9.6,358.017643050517,4.5
"92549cea-1034-4ed8-8c3f-b94bbdd55d0e",0,"1-1",33311,30969,2342,324,0.666666666666667,1438,33,"desktop",0,"graduate school",1,"English",0,0,"Y",9.6,627.724498692241,1
"93ae865d-c378-43e3-ac66-f429add5f358",0,"2-2",58892,55259,3633,166,1,1281,23,"laptop",1,"college",1,"English",0,1,"Y",7.638,180.242132503303,1.5
"93ae865d-c378-43e3-ac66-f429add5f358",1,"2-1",59698,56012,3686,145,0.666666666666667,1281,23,"laptop",1,"college",1,"English",0,1,"Y",8.337,155.323859173034,1.5
"93dbdc35-b0e5-4dc1-bd4f-0a15eb5378a2",0,"1-2",49679,45168,4511,383,1,1212,12,"desktop",0,"pre-high school",1,"Vietnamese",0,0,"N",10.485,508.767268862912,2
"93dbdc35-b0e5-4dc1-bd4f-0a15eb5378a2",1,"1-1",51546,48171,3375,324,0.666666666666667,1212,12,"desktop",0,"pre-high school",1,"Vietnamese",0,0,"N",9.6,403.562309273214,1.5
"949a9e93-0ca1-4643-b4d5-9852ceeeec03",0,"1-1",79350,75555,3795,324,1,1438,27,"desktop",0,"college",0,"English",0,0,"Y",9.6,257.296009529482,2
"949a9e93-0ca1-4643-b4d5-9852ceeeec03",1,"1-2",89600,85355,4245,383,1,1438,27,"desktop",0,"college",0,"English",0,0,"Y",10.485,269.228516197059,2
"94d5ae9f-66ba-48f2-93d0-19cf5aac6a3f",0,"3-1",12264,11013,1251,106,0.666666666666667,1438,17,"laptop",0,"high school",1,"English",0,0,"Y",11.081,577.499318986652,2.5
"95165b45-dc58-4a62-bb78-afd606f1e34a",0,"1-1",74679,70802,3877,324,1,1214,27,"laptop",0,"professional school",1,"Romanian",0,0,"N",9.6,274.5685150137,3
"95165b45-dc58-4a62-bb78-afd606f1e34a",1,"1-2",86357,82591,3766,383,0.666666666666667,1214,27,"laptop",0,"professional school",1,"Romanian",0,0,"N",10.485,278.238548994443,3
"95331a06-3cd7-4ced-a1f9-7baeee03847e",1,"1-2",81511,69274,12237,383,0.666666666666667,1150,22,"laptop",1,"college",1,"English",0,1,"Y",10.485,331.726188757687,1
"95ad60c1-7c93-4341-9da3-763bbed405b9",0,"2-2",48771,46822,1949,166,1,1438,21,"desktop",0,"college",0,"Chinese",0,0,"N",7.638,212.720515996754,10
"95ad60c1-7c93-4341-9da3-763bbed405b9",1,"2-1",49683,49375,308,145,1,1438,21,"desktop",0,"college",0,"Chinese",0,0,"N",8.337,176.20253164557,10
"95be5385-2c68-450d-9591-83bb9246442d",0,"3-2",92018,90940,1078,120,1,1438,29,"desktop",1,"professional school",1,"Norwegian",0,1,"N",10.697,79.1730811524082,2
"95be5385-2c68-450d-9591-83bb9246442d",1,"3-1",85159,83964,1195,106,1,1438,29,"desktop",1,"professional school",1,"Norwegian",0,1,"N",11.081,75.7467486065457,1.5
"95cad567-beb8-48bc-9d49-b9f5b17eb742",0,"1-1",64717,63884,833,324,1,1279,34,"desktop",0,"graduate school",1,"English",0,0,"Y",9.6,304.301546553128,1.5
"95cad567-beb8-48bc-9d49-b9f5b17eb742",1,"1-2",69226,65401,3825,383,1,1279,34,"desktop",0,"graduate school",1,"English",0,0,"Y",10.485,351.370774147184,1
"96b2dfab-22c0-43b4-8799-2c759dd9163e",0,"2-1",26740,26037,703,145,1,1438,18,"desktop",0,"college",0,"English",0,0,"Y",8.337,334.139877866114,0.5
"96b2dfab-22c0-43b4-8799-2c759dd9163e",1,"2-2",38281,36933,1348,166,1,1438,18,"desktop",0,"college",0,"English",0,0,"Y",7.638,269.677524165381,0.5
"9783faf6-c2f5-4343-a86d-f6312c95f762",0,"3-2",63478,60345,3133,120,1,1309,30,"laptop",0,"graduate school",1,"English",0,0,"Y",10.697,119.313944817301,3
"9783faf6-c2f5-4343-a86d-f6312c95f762",1,"3-1",43778,42911,867,106,1,1309,30,"laptop",0,"graduate school",1,"English",0,0,"Y",11.081,148.213744727459,1.5
"9841a311-d989-42d7-9ea6-f5d4e981c98a",0,"2-1",26466,26288,178,145,0.666666666666667,1438,58,"desktop",0,"graduate school",1,"English",0,0,"Y",8.337,330.949482653682,3
"9841a311-d989-42d7-9ea6-f5d4e981c98a",1,"2-2",32370,31032,1338,166,0.666666666666667,1438,58,"desktop",0,"graduate school",1,"English",0,0,"Y",7.638,320.959010054138,3
"984a4027-117c-4a02-894d-deab7ced44c4",0,"2-2",28755,24762,3993,166,1,880,45,"tablet",0,"professional school",1,"English",0,0,"Y",7.638,402.229222195299,2.5
"984a4027-117c-4a02-894d-deab7ced44c4",1,"2-1",23632,22190,1442,145,1,880,45,"tablet",0,"professional school",1,"English",0,0,"Y",8.337,392.06849932402,2.5
"9861dbfe-d228-40ed-9c0b-ad0a8866adfc",0,"3-1",34182,29571,4611,106,1,1438,27,"desktop",0,"college",0,"English",0,0,"Y",11.081,215.075580805519,2.5
"9861dbfe-d228-40ed-9c0b-ad0a8866adfc",1,"3-2",21357,20083,1274,120,1,1438,27,"desktop",0,"college",0,"English",0,0,"Y",10.697,358.512174475925,2.5
"9ac5e209-cf05-47a5-a394-9c733e12d8f6",1,"1-1",118308,98561,19747,324,1,1137,24,"laptop",0,"college",1,"English",0,0,"Y",9.6,197.238258540396,3
"9ad793c8-00ee-4105-85c4-5e9513b219b5",0,"2-2",26463,25870,593,166,1,1207,31,"desktop",0,"college",1,"English",0,0,"Y",7.638,385.001932740626,0.5
"9ad793c8-00ee-4105-85c4-5e9513b219b5",1,"2-1",21078,20560,518,145,0.666666666666667,1207,31,"desktop",0,"college",1,"English",0,0,"Y",8.337,423.151750972763,1
"9ae62339-ac5d-4e6a-bcad-c0235c043cf9",0,"3-1",29597,29262,335,106,1,1135,32,"desktop",2,"college",0,"English",0,1,"Y",11.081,217.346729546853,2
"9ae62339-ac5d-4e6a-bcad-c0235c043cf9",1,"3-2",72876,71776,1100,120,1,1135,32,"desktop",2,"college",0,"English",0,1,"Y",10.697,100.312082032992,2
"9b2ec410-aab7-47b8-a6d3-19e9c1e54d4b",1,"3-2",23317,16647,6670,120,1,1212,22,"laptop",0,"college",1,"English",0,0,"Y",10.697,432.510362227428,1
"9e9c021a-b55a-4aeb-af94-847d6d457b62",0,"1-1",55126,53967,1159,324,1,1212,22,"laptop",0,"college",1,"English",0,0,"Y",9.6,360.220134526655,1
"9e9c021a-b55a-4aeb-af94-847d6d457b62",1,"1-2",61024,56372,4652,383,1,1212,22,"laptop",0,"college",1,"English",0,0,"Y",10.485,407.649187539913,0.5
"a12939e3-640d-42c5-87ed-83c1358c4698",0,"2-1",68617,66561,2056,145,1,1212,48,"laptop",0,"graduate school",1,"English",0,0,"Y",8.337,130.707170865822,2.5
"a12939e3-640d-42c5-87ed-83c1358c4698",1,"2-2",52151,50119,2032,166,1,1212,48,"laptop",0,"graduate school",1,"English",0,0,"Y",7.638,198.727029669387,2
"a17c35a2-ade1-4a79-a19e-5aa8093af1f0",0,"3-1",47531,43369,4162,106,1,1423,72,"desktop",0,"high school",1,"English",0,0,"Y",11.081,146.648527750236,2
"a17c35a2-ade1-4a79-a19e-5aa8093af1f0",1,"3-2",71446,55747,15699,120,1,1423,72,"desktop",0,"high school",1,"English",0,0,"Y",10.697,129.15493210397,2
"a1f22d02-0b2f-4c57-8736-0957dd153f8d",0,"3-1",34798,30444,4354,106,1,1438,21,"laptop",0,"college",0,"Dutch",0,0,"N",11.081,208.908159243201,0.5
"a1f22d02-0b2f-4c57-8736-0957dd153f8d",1,"3-2",38553,37652,901,120,1,1438,21,"laptop",0,"college",0,"Dutch",0,0,"N",10.697,191.224901731648,1
"a28afe06-386d-4288-994d-28b51c745e3b",1,"3-1",15543,13615,1928,106,0.666666666666667,1212,34,"desktop",2,"high school",1,"English",0,1,"Y",11.081,467.131839882483,2
"a28f6ad8-3ed2-4ddf-bee5-0ab05da1b6ad",1,"3-2",25888,19683,6205,120,0.666666666666667,1294,25,"laptop",0,"high school",NA,"English",0,0,"Y",10.697,365.797896662094,1
"a5e829ad-603c-4eb6-b078-c82074eae0a3",0,"1-1",69549,64526,5023,324,1,1212,50,"laptop",0,"graduate school",1,"English",0,0,"Y",9.6,301.273905092521,3
"a5e829ad-603c-4eb6-b078-c82074eae0a3",1,"1-2",71164,67170,3994,383,0.666666666666667,1212,50,"laptop",0,"graduate school",1,"English",0,0,"Y",10.485,342.117016525234,3
"a75e076f-3028-44a1-af60-ca3b3bcaeed0",0,"2-2",30079,29093,986,166,1,1438,21,"desktop",0,"college",1,"English",0,0,"Y",7.638,342.350393565462,1
"a77a0634-aabe-420d-8348-0a7372b161d2",0,"1-2",59540,59540,0,383,1,689,44,"tablet",0,"graduate school",1,"English",0,0,"Y",10.485,385.959019146792,4
"a77a0634-aabe-420d-8348-0a7372b161d2",1,"1-1",54486,41755,12731,324,1,689,44,"tablet",0,"graduate school",1,"English",0,0,"Y",9.6,465.572985271225,3
"a8a7b6f7-3663-43c9-a149-88a058e52ccf",1,"2-2",17816,17333,483,166,1,1135,45,"desktop",0,"college",0,"English",0,0,"Y",7.638,574.626435123752,1
"a8d07b3c-a7d4-49c9-b2b9-07c268f706fc",0,"1-1",86772,83134,3638,324,1,1365,22,"laptop",0,"college",0,"Other",0,0,"N",9.6,233.839343710155,3
"aa6ebb2d-1a1e-4fc2-8f8b-146561327a41",0,"1-2",69764,66023,3741,383,1,1366,52,"desktop",0,"college",1,"English",0,0,"Y",10.485,348.060524362722,2.5
"aa6ebb2d-1a1e-4fc2-8f8b-146561327a41",1,"1-1",60980,55570,5410,324,0.666666666666667,1366,52,"desktop",0,"college",1,"English",0,0,"Y",9.6,349.829044448443,1.5
"ac03d866-ecd8-41e4-9938-c4b098048187",0,"2-1",37966,33090,4876,145,1,1294,18,"laptop",0,"high school",1,"Turkish",0,0,"N",8.337,262.919310970082,0.5
"ac03d866-ecd8-41e4-9938-c4b098048187",1,"2-2",31084,27513,3571,166,1,1294,18,"laptop",0,"high school",1,"Turkish",0,0,"N",7.638,362.010685857595,0.5
"acbf370c-b970-4ac5-b1ec-4335a936dbdc",0,"3-2",17878,10035,7843,120,0.666666666666667,1150,11,"tablet",0,"pre-high school",1,"English",0,0,"Y",10.697,717.488789237668,0.5
"acbf370c-b970-4ac5-b1ec-4335a936dbdc",1,"3-1",24701,13478,11223,106,1,1150,11,"tablet",0,"pre-high school",1,"English",0,0,"Y",11.081,471.880100905179,0.5
"ad4283c9-d606-4e9c-b45f-7f660b31f5d3",0,"1-1",65138,21670,43468,324,0.666666666666667,880,55,"tablet",0,"PhD",1,"Dutch",0,0,"N",9.6,897.092754960775,2.5
"ad4c12c9-5088-480c-ac6b-07b6e44162bc",0,"3-1",53016,50929,2087,106,1,1438,31,"desktop",0,"college",0,"Norwegian",0,0,"N",11.081,124.879734532388,1
"ad4c12c9-5088-480c-ac6b-07b6e44162bc",1,"3-2",48779,47112,1667,120,0.666666666666667,1438,31,"desktop",0,"college",0,"Norwegian",0,0,"N",10.697,152.827305145186,1.5
"ad72ff21-0001-4c71-9657-91f0af317112",1,"3-1",46123,45639,484,106,1,1438,24,"desktop",0,"graduate school",1,"Other",0,0,"N",11.081,139.354499441267,0.5
"adec7fbd-3153-4612-846d-2a4183f03202",0,"2-2",23118,23118,0,166,0.666666666666667,1294,17,"laptop",0,"high school",1,"Chinese",0,0,"N",7.638,430.833117051648,0.5
"adff123a-e9fc-4289-89bc-8002fb8bb5f6",0,"3-2",57395,48038,9357,120,1,1438,70,"desktop",0,"graduate school",0,"English",0,0,"Y",10.697,149.881343936051,0.5
"adff123a-e9fc-4289-89bc-8002fb8bb5f6",1,"3-1",40481,36996,3485,106,1,1438,70,"desktop",0,"graduate school",0,"English",0,0,"Y",11.081,171.910476808304,0.5
"aea24408-032f-4620-986e-f97f5f47c28a",1,"1-2",52547,48121,4426,383,0.666666666666667,1150,22,"laptop",0,"college",1,"English",0,0,"Y",10.485,477.54618565699,1
"af2dd336-540d-4ded-ae2e-6d21383207fc",0,"1-2",59007,53433,5574,383,1,1438,23,"desktop",0,"college",1,"Chinese",0,0,"N",10.485,430.071304250182,1.5
"af2dd336-540d-4ded-ae2e-6d21383207fc",1,"1-1",36550,32926,3624,324,1,1438,23,"desktop",0,"college",1,"Chinese",0,0,"N",9.6,590.41486970783,1
"b038618b-9b28-43cd-b9c1-ac984372d993",1,"1-1",60855,53998,6857,324,1,1438,21,"desktop",0,"college",0,"English",0,0,"Y",9.6,360.013333827179,1.5
"b0d76a60-3231-40e1-8fbe-d4d020b33e22",0,"3-2",49108,41210,7898,120,1,1294,51,"laptop",0,"professional school",1,"English",0,0,"Y",10.697,174.714875030332,0.5
"b0d76a60-3231-40e1-8fbe-d4d020b33e22",1,"3-1",26726,20068,6658,106,1,1294,51,"laptop",0,"professional school",1,"English",0,0,"Y",11.081,316.922463623679,0.5
"b1829797-b60f-46cb-803a-c68dd04440b3",0,"1-1",82739,69869,12870,324,0.666666666666667,1212,22,"laptop",1,"college",1,"English",0,1,"Y",9.6,278.234982610314,3.5
"b1829797-b60f-46cb-803a-c68dd04440b3",1,"1-2",82738,72879,9859,383,1,1212,22,"laptop",1,"college",1,"English",0,1,"Y",10.485,315.317169555016,6
"b1872ef2-f148-440e-a44e-3f12578c14cc",0,"1-1",69253,65415,3838,324,1,905,35,"desktop",0,"PhD",0,"English",0,0,"Y",9.6,297.179545975694,2
"b1872ef2-f148-440e-a44e-3f12578c14cc",1,"1-2",60788,47967,12821,383,1,905,35,"desktop",0,"PhD",0,"English",0,0,"Y",10.485,479.079367064857,1.5
"b4161534-88a5-4dd5-9160-ccca3961fb40",0,"1-1",94621,92280,2341,324,0.666666666666667,1241,21,"desktop",0,"pre-high school",0,"Russian",0,0,"N",9.6,210.663198959688,1.5
"b4161534-88a5-4dd5-9160-ccca3961fb40",1,"1-2",97266,93479,3787,383,0.666666666666667,1241,21,"desktop",0,"pre-high school",0,"Russian",0,0,"N",10.485,245.830614362584,2
"b502be75-8bea-4412-9b7d-813e7bba3685",1,"2-1",58949,55016,3933,145,0.666666666666667,986,64,"tablet",0,"graduate school",1,"English",0,0,"Y",8.337,158.135815035626,1.5
"b60fd095-b0c5-4946-ab0a-4901ce69f617",0,"3-1",21740,16234,5506,106,1,1150,45,"laptop",0,"graduate school",1,"English",0,0,"Y",11.081,391.770358506838,3
"b60fd095-b0c5-4946-ab0a-4901ce69f617",1,"3-2",31429,25817,5612,120,0.666666666666667,1150,45,"laptop",0,"graduate school",1,"English",0,0,"Y",10.697,278.886005345315,6
"b74b7a54-edf6-4d3f-92d3-8dc119424956",0,"2-1",48437,41683,6754,145,1,1294,17,"laptop",0,"high school",1,"Turkish",0,0,"N",8.337,208.718182472471,2.5
"b8fe046e-0564-4ca6-909e-6177a1343917",1,"2-2",29466,27340,2126,166,1,1212,38,"laptop",1,"graduate school",1,"English",0,1,"Y",7.638,364.301389904901,3
"ba55d704-303e-4928-9c5a-9c2838360e3d",0,"2-2",40851,37624,3227,166,1,1212,37,"desktop",0,"graduate school",1,"English",0,0,"Y",7.638,264.724643844355,0.5
"ba55d704-303e-4928-9c5a-9c2838360e3d",1,"2-1",37080,33942,3138,145,0.666666666666667,1212,37,"desktop",0,"graduate school",1,"English",0,0,"Y",8.337,256.319604030405,0.5
"ba947df3-ae38-425e-a2c4-d6dd7839b0fd",0,"3-1",52226,46701,5525,106,1,1366,16,"laptop",1,"high school",0,"English",0,1,"Y",11.081,136.185520652663,1.5
"ba947df3-ae38-425e-a2c4-d6dd7839b0fd",1,"3-2",52066,49687,2379,120,1,1366,16,"laptop",1,"high school",0,"English",0,1,"Y",10.697,144.907118562199,1
"bac15d0b-cf63-4ab5-a05c-66f39e2834bc",0,"3-1",33167,26478,6689,106,1,1212,48,"laptop",0,"high school",1,"English",0,0,"Y",11.081,240.199410831634,1
"bac15d0b-cf63-4ab5-a05c-66f39e2834bc",1,"3-2",21340,15843,5497,120,1,1212,48,"laptop",0,"high school",1,"English",0,0,"Y",10.697,454.459382692672,0.5
"bb13e1f2-6905-4fb4-89d7-e517633755b5",0,"2-1",30695,29679,1016,145,0.666666666666667,1438,20,"desktop",0,"college",0,NA,0,0,NA,8.337,293.136561204892,0.5
"bb6d86fb-97e8-406f-b440-8dbc6e8e7771",0,"3-1",50279,46387,3892,106,0.666666666666667,1279,23,"desktop",1,"high school",1,"Danish",0,1,"N",11.081,137.107379222627,2
"bb6d86fb-97e8-406f-b440-8dbc6e8e7771",1,"3-2",58370,55575,2795,120,1,1279,23,"desktop",1,"high school",1,"Danish",0,1,"N",10.697,129.554655870445,3.5
"bbf1911e-20bb-49c1-9bc7-c9103f55c169",0,"1-2",101256,93256,8000,383,1,1390,36,"laptop",0,"college",1,"English",0,0,"Y",10.485,246.418461010552,2
"bbf1911e-20bb-49c1-9bc7-c9103f55c169",1,"1-1",97958,91460,6498,324,1,1390,36,"laptop",0,"college",1,"English",0,0,"Y",9.6,212.55193527225,2.5
"bc0678d9-a75c-448c-98ba-86c4ecc10593",0,"2-2",27313,25463,1850,166,1,1438,25,"desktop",0,"college",1,"English",0,0,"Y",7.638,391.15579468248,1
"bd594697-306c-4969-bc64-971a4c6a795b",0,"1-2",41498,39113,2385,383,0.666666666666667,1438,52,"desktop",0,"graduate school",0,"English",0,0,"Y",10.485,587.528443228594,1
"bd594697-306c-4969-bc64-971a4c6a795b",1,"1-1",48506,42698,5808,324,0.666666666666667,1438,52,"desktop",0,"graduate school",0,"English",0,0,"Y",9.6,455.290645931894,1
"bdf3a343-8379-4a21-aa09-be0ea98c2e96",0,"2-1",52072,52072,0,145,0.666666666666667,1438,18,"desktop",0,"high school",0,"English",0,0,"Y",8.337,167.076355815025,2.5
"bdf3a343-8379-4a21-aa09-be0ea98c2e96",1,"2-2",38013,38013,0,166,1,1438,18,"desktop",0,"high school",0,"English",0,0,"Y",7.638,262.015626233131,2.5
"be165b4d-f223-4403-9d2d-d186464c7150",0,"3-2",37082,22030,15052,120,0.666666666666667,1281,24,"laptop",0,"high school",0,"Norwegian",0,0,"N",10.697,326.827054017249,1.5
"be9ad381-7efe-4b47-b2c8-04121156cd38",0,"2-1",27328,26454,874,145,1,1438,18,"desktop",0,"graduate school",0,"English",0,0,"Y",8.337,328.872760263098,0.5
"be9ad381-7efe-4b47-b2c8-04121156cd38",1,"2-2",43306,42310,996,166,1,1438,18,"desktop",0,"graduate school",0,"English",0,0,"Y",7.638,235.405341526826,1.5
"c0112282-2a3d-4efe-af95-387d581e0a98",0,"3-1",69257,56698,12559,106,1,1438,NA,"laptop",0,"high school",0,NA,0,0,NA,11.081,112.173268898374,2
"c16c936c-e99b-447f-b617-9453bbff6d31",0,"1-1",77966,77429,537,324,1,1438,32,"desktop",0,"high school",0,"English",0,0,"Y",9.6,251.068721021839,9
"c16c936c-e99b-447f-b617-9453bbff6d31",1,"1-2",68697,67804,893,383,1,1438,32,"desktop",0,"high school",0,"English",0,0,"Y",10.485,338.918057931685,5
"c2330187-54a2-48ba-be2c-d317fea39438",0,"2-2",30211,20751,9460,166,1,1281,59,"laptop",0,"graduate school",1,"English",0,0,"Y",7.638,479.976868584647,2.5
"c2330187-54a2-48ba-be2c-d317fea39438",1,"2-1",48944,37376,11568,145,0.666666666666667,1281,59,"laptop",0,"graduate school",1,"English",0,0,"Y",8.337,232.769691780822,2
"c47a9043-7826-4044-9b51-d59a6b6c53e3",0,"3-1",32878,30155,2723,106,1,1281,21,"laptop",0,"high school",1,"English",0,0,"Y",11.081,210.910296799867,2
"c82105bb-8520-4727-b430-daec6fdef0dc",1,"1-2",115710,80630,35080,383,0.666666666666667,1438,26,"desktop",1,"college",0,"English",0,1,"Y",10.485,285.005581049237,2
"c94dde40-5c1a-4071-8a82-d9c9e525ddbc",1,"3-1",42207,40710,1497,106,1,1150,35,"desktop",1,"professional school",NA,"English",0,1,"Y",11.081,156.226971260133,2
"c9912952-1990-4415-8cd6-b5b96d6e4267",0,"3-1",30682,21051,9631,106,1,1227,33,"laptop",0,"graduate school",1,"English",0,0,"Y",11.081,302.123414564629,2
"c99a4a23-599b-4fcf-905b-a0330bb7b595",0,"3-1",87669,84958,2711,106,1,1438,53,"laptop",0,"graduate school",2,"English",0,0,"Y",11.081,74.8605193154264,3.5
"c99a4a23-599b-4fcf-905b-a0330bb7b595",1,"3-2",34906,33656,1250,120,1,1438,53,"laptop",0,"graduate school",2,"English",0,0,"Y",10.697,213.929165676254,2
"cc5900ac-23f3-4768-99c4-faf9c29e9382",1,"2-2",56845,53253,3592,166,1,1334,35,"laptop",0,"professional school",0,"Spanish",0,0,"N",7.638,187.031716523013,3
"cc6bb97b-148a-434d-86be-1a4b7c05363f",0,"3-2",101504,99716,1788,120,0.666666666666667,689,23,"tablet",2,"high school",0,"English",0,1,"Y",10.697,72.2050623771511,2
"cc6bb97b-148a-434d-86be-1a4b7c05363f",1,"3-1",58369,58228,141,106,1,689,23,"tablet",2,"high school",0,"English",0,1,"Y",11.081,109.225802019647,1
"cea04555-57d4-4edf-9198-e8aa302bc070",0,"2-1",30981,29134,1847,145,1,1366,22,"laptop",0,"college",1,"Dutch",0,0,"N",8.337,298.620168874854,1
"cea04555-57d4-4edf-9198-e8aa302bc070",1,"2-2",39023,39012,11,166,1,1366,22,"laptop",0,"college",1,"Dutch",0,0,"N",7.638,255.306059673946,0.5
"cef9fb15-e845-46ae-8282-8e7247078df1",0,"1-1",89346,85831,3515,324,0.666666666666667,1419,24,"laptop",0,"graduate school",1,"Russian",0,0,"N",9.6,226.491593946243,1.5
"cef9fb15-e845-46ae-8282-8e7247078df1",1,"1-2",84853,77247,7606,383,1,1419,24,"laptop",0,"graduate school",1,"Russian",0,0,"N",10.485,297.487281059459,1.5
"cf8cc387-399a-46fe-9313-9f73def19457",1,"2-1",14800,12821,1979,145,1,1227,23,"laptop",0,"college",1,"English",0,0,"Y",8.337,678.574214179861,1
"cfddbee4-d7bc-41a2-b2d3-a6380269d199",0,"3-1",25846,19589,6257,106,1,1137,22,"laptop",0,"graduate school",1,"English",0,0,"Y",11.081,324.672009801419,0.5
"d02dae2a-18e0-4019-84a0-e1f2d1b6360f",0,"2-1",38160,34274,3886,145,0.666666666666667,1438,40,"laptop",0,"graduate school",1,"English",0,0,"Y",8.337,253.836727548579,1
"d0480270-621b-4343-80db-a5252e9d0a29",0,"1-2",30847,25824,5023,383,0.666666666666667,1438,16,"desktop",0,"high school",0,"English",0,0,"Y",10.485,889.869888475836,1.5
"d1ef7d2a-2a3e-4130-968c-2fbc045ee618",0,"3-2",42385,40548,1837,120,1,1438,25,"desktop",0,"professional school",0,"Russian",0,0,"N",10.697,177.567327611719,1
"d1ef7d2a-2a3e-4130-968c-2fbc045ee618",1,"3-1",30719,29695,1024,106,1,1438,25,"desktop",0,"professional school",0,"Russian",0,0,"N",11.081,214.177470954706,0.5
"d5474dc4-83b3-459e-8435-aab6eb356a3a",1,"1-1",56783,46317,10466,324,1,1438,46,"desktop",0,"college",0,"English",0,0,"Y",9.6,419.716302869357,1
"d5862d1f-db68-46d7-b717-dc2a7f78befe",0,"3-2",33566,30039,3527,120,1,1438,26,"laptop",1,"graduate school",0,"Dutch",0,1,"N",10.697,239.688405073405,1
"d5862d1f-db68-46d7-b717-dc2a7f78befe",1,"3-1",22648,18994,3654,106,1,1438,26,"laptop",1,"graduate school",0,"Dutch",0,1,"N",11.081,334.842581867958,0.5
"d75a8088-c158-4ab0-a3b8-7927d6e80961",1,"2-2",32864,30724,2140,166,1,1438,24,"laptop",0,"college",0,"English",0,0,"Y",7.638,324.176539513084,1
"d77f1a0e-29fe-4341-9629-55666d082f4b",0,"3-2",40323,39033,1290,120,1,1212,24,"desktop",0,"college",1,"English",0,0,"Y",10.697,184.459303666129,1
"d816358d-20fb-48cc-8597-6ce3578251dd",0,"2-2",46191,45562,629,166,0.666666666666667,1438,20,"desktop",0,"high school",0,"Norwegian",0,0,"N",7.638,218.603221983232,2
"d816358d-20fb-48cc-8597-6ce3578251dd",1,"2-1",44881,44276,605,145,1,1438,20,"desktop",0,"high school",0,"Norwegian",0,0,"N",8.337,196.494714969735,2
"db095ce6-bb12-4f37-88e2-d9e76be1b021",0,"1-1",64365,53713,10652,324,0.666666666666667,1135,35,"laptop",0,"PhD",1,"English",0,0,"Y",9.6,361.923556680878,2
"db095ce6-bb12-4f37-88e2-d9e76be1b021",1,"1-2",59541,43020,16521,383,1,1135,35,"laptop",0,"PhD",1,"English",0,0,"Y",10.485,534.170153417015,1.5
"db397e5a-8fad-4c15-bf93-e25495e0584e",1,"2-1",49351,46375,2976,145,1,1294,21,"laptop",0,"college",2,"English",0,0,"Y",8.337,187.601078167116,1.5
"db4b8bab-f58d-4d9c-ab15-18335ea4b16e",0,"2-2",34983,29562,5421,166,0.666666666666667,1438,19,"laptop",0,"college",1,"Other",0,0,"N",7.638,336.919017657804,1.5
"dc68d578-d73f-4d91-a515-6a5569f35516",0,"3-1",55526,52456,3070,106,1,1212,38,"laptop",1,"college",1,"English",0,1,"Y",11.081,121.244471557115,6
"dc68d578-d73f-4d91-a515-6a5569f35516",1,"3-2",40929,38535,2394,120,0.666666666666667,1212,38,"laptop",1,"college",1,"English",0,1,"Y",10.697,186.843129622421,7
"dc6fe456-3569-43f2-b793-afaf3225c316",0,"2-1",22360,18943,3417,145,1,1366,19,"laptop",0,"high school",0,"English",0,0,"Y",8.337,459.272554505622,1.5
"dc6fe456-3569-43f2-b793-afaf3225c316",1,"2-2",41010,31191,9819,166,1,1366,19,"laptop",0,"high school",0,"English",0,0,"Y",7.638,319.322881600462,1.5
"dd12faee-44a2-40b4-b2aa-276cd7e690dd",0,"1-1",77532,66323,11209,324,1,1150,41,"laptop",0,"graduate school",1,"English",0,0,"Y",9.6,293.1109871387,2
"dd3b3024-ad2e-4cd6-8c24-3b0c6ab90dc0",0,"1-1",66319,47267,19052,324,0.666666666666667,1212,24,"laptop",0,"high school",1,"English",0,0,"Y",9.6,411.280597457,2
"dd3b3024-ad2e-4cd6-8c24-3b0c6ab90dc0",1,"1-2",53595,46203,7392,383,1,1212,24,"laptop",0,"high school",1,"English",0,0,"Y",10.485,497.370300629829,1.5
"df64e0d9-db88-4977-a401-e1f442400556",0,"3-1",25386,24360,1026,106,1,1438,40,"desktop",0,"PhD",0,"Dutch",0,0,"N",11.081,261.083743842365,1
"df64e0d9-db88-4977-a401-e1f442400556",1,"3-2",30969,30131,838,120,1,1438,40,"desktop",0,"PhD",0,"Dutch",0,0,"N",10.697,238.956556370515,1
"dfeed816-4de9-4be7-9ea0-775157c7bd76",0,"3-1",53066,49108,3958,106,1,1438,52,"desktop",0,"PhD",0,"Portuguese",0,0,"N",11.081,129.510466726399,1
"e0080083-9f88-4396-bb69-13c375543c8c",0,"2-2",40079,28286,11793,166,1,1423,28,"laptop",0,"college",0,"English",0,0,"Y",7.638,352.117655377218,1
"e0080083-9f88-4396-bb69-13c375543c8c",1,"2-1",27627,23183,4444,145,1,1423,28,"laptop",0,"college",0,"English",0,0,"Y",8.337,375.274985981107,1
"e1205048-076b-4e6f-a4f1-23fa25931539",0,"2-2",58308,56814,1494,166,0.666666666666667,920,21,"tablet",0,"college",1,"Russian",0,0,"N",7.638,175.308902735241,2
"e1205048-076b-4e6f-a4f1-23fa25931539",1,"2-1",51809,50766,1043,145,0.666666666666667,880,21,"tablet",0,"college",1,"Russian",0,0,"N",8.337,171.37454201631,2
"e1937dac-e29c-4679-b93e-9d6284fd9da1",0,"2-2",30310,27710,2600,166,1,1423,44,"desktop",0,"graduate school",1,"English",0,0,"Y",7.638,359.43702634428,1.5
"e1937dac-e29c-4679-b93e-9d6284fd9da1",1,"2-1",20112,19060,1052,145,1,1423,44,"desktop",0,"graduate school",1,"English",0,0,"Y",8.337,456.453305351522,1
"e1b5288e-cb8d-4cdc-b021-45df6158c3be",0,"2-2",20335,19682,653,166,1,1438,39,"desktop",0,"PhD",0,"Korean",0,0,"N",7.638,506.046133523016,1
"e1f48355-1636-4f4f-8966-a26d86a48b3d",0,"2-1",45628,44511,1117,145,1,1438,51,"desktop",0,"postdoctoral",0,"Italian",0,0,"N",8.337,195.457302689223,1
"e1f48355-1636-4f4f-8966-a26d86a48b3d",1,"2-2",49560,48694,866,166,1,1438,51,"desktop",0,"postdoctoral",0,"Italian",0,0,"N",7.638,204.542654125765,1
"e260bb95-bce4-410d-b0de-baf551b2b5a5",0,"3-2",23992,22721,1271,120,0.666666666666667,1438,24,"desktop",0,"high school",0,"English",0,0,"Y",10.697,316.887460939219,1
"e260bb95-bce4-410d-b0de-baf551b2b5a5",1,"3-1",21800,18958,2842,106,1,1438,24,"desktop",0,"high school",0,"English",0,0,"Y",11.081,335.478425994303,0.5
"e3e994b5-c070-4cf7-941a-e2cf1f64f510",0,"3-1",18809,18490,319,106,1,827,22,"desktop",0,"high school",0,"English",0,0,"Y",11.081,343.969713358572,1
"e3e994b5-c070-4cf7-941a-e2cf1f64f510",1,"3-2",13537,12856,681,120,1,827,22,"desktop",0,"high school",0,"English",0,0,"Y",10.697,560.049782202863,1
"e726e53d-6183-4ec0-b300-896df7bca3c2",0,"2-2",61556,54199,7357,166,1,1150,25,"laptop",1,"college",1,"English",0,1,"Y",7.638,183.767228177642,2
"e726e53d-6183-4ec0-b300-896df7bca3c2",1,"2-1",67470,64647,2823,145,0.666666666666667,1150,25,"laptop",1,"college",1,"English",0,1,"Y",8.337,134.577010534132,2.5
"e781e374-74ed-48db-8e39-bdd209a83470",0,"1-1",83497,78303,5194,324,1,1135,48,"laptop",0,"college",0,"English",0,0,"Y",9.6,248.266349948278,2
"e7ea4b52-7611-4c90-905a-fd388cea9c0a",0,"1-1",132156,121764,10392,324,1,1366,15,"laptop",0,"high school",0,"German",0,0,"N",9.6,159.653099438258,2
"e7ea4b52-7611-4c90-905a-fd388cea9c0a",1,"1-2",160454,150608,9846,383,0.666666666666667,1366,15,"laptop",0,"high school",0,"German",0,0,"N",10.485,152.581536173377,2
"e893554b-e41b-44f5-9247-2f1b1ca49f52",0,"1-1",43882,43882,0,324,1,1438,25,"desktop",0,"college",0,"English",0,0,"Y",9.6,443.006244018048,2
"e893554b-e41b-44f5-9247-2f1b1ca49f52",1,"1-2",39208,39208,0,383,0.666666666666667,1438,25,"desktop",0,"college",0,"English",0,0,"Y",10.485,586.104876555805,1
"e8b80ebe-59a2-424a-90a9-b6f699b54faf",0,"2-2",32141,27762,4379,166,0.666666666666667,1366,27,"laptop",1,"graduate school",2,"English",0,1,"Y",7.638,358.763777825805,4
"e8b80ebe-59a2-424a-90a9-b6f699b54faf",1,"2-1",55064,52347,2717,145,0.666666666666667,1366,27,"laptop",1,"graduate school",2,"English",0,1,"Y",8.337,166.198636024987,2
"ea0abfe5-f18d-4fad-9ee6-4114f292450b",0,"2-1",44738,44319,419,145,1,1438,21,"desktop",0,"high school",0,"Swedish",0,0,"N",8.337,196.304068232586,1
"ea0abfe5-f18d-4fad-9ee6-4114f292450b",1,"2-2",34947,34632,315,166,1,1438,21,"desktop",0,"high school",0,"Swedish",0,0,"N",7.638,287.595287595288,1
"ea2dec1b-93f0-4fdf-abd2-49c6087d3b5b",1,"1-1",82659,68850,13809,324,1,1137,29,"laptop",0,"college",0,"English",0,0,"Y",9.6,282.352941176471,2.5
"eba4f35d-64b0-4b8d-a3cb-fe43c8fc6e77",0,"1-2",137185,133309,3876,383,1,1294,19,"laptop",0,"high school",1,"English",0,0,"Y",10.485,172.38145961638,7.5
"eba4f35d-64b0-4b8d-a3cb-fe43c8fc6e77",1,"1-1",111382,105956,5426,324,0.666666666666667,1294,19,"laptop",0,"high school",1,"English",0,0,"Y",9.6,183.472384763487,6.5
"ecae14cf-e3fd-4699-80a4-5aa81bfd8076",0,"3-1",33710,24383,9327,106,0.666666666666667,1135,31,"laptop",1,"college",0,"English",0,1,"Y",11.081,260.837468728212,1
"ecae14cf-e3fd-4699-80a4-5aa81bfd8076",1,"3-2",46309,43395,2914,120,1,1135,31,"laptop",1,"college",0,"English",0,1,"Y",10.697,165.917732457656,1.5
"ed0920d4-b642-455e-bd2a-ca21865b50e4",1,"1-1",94790,83602,11188,324,1,1279,12,"laptop",1,"pre-high school",0,"English",0,1,"Y",9.6,232.530322241095,3
"eec0e61e-7635-4527-a83f-977a09cafec8",0,"1-2",46551,34095,12456,383,1,1294,18,"laptop",0,"high school",1,"English",0,0,"Y",10.485,673.999120105587,1
"eed8457e-2f39-4f4a-a3fc-7bc9fa57d880",0,"2-1",31019,24098,6921,145,1,1150,21,"laptop",0,"college",1,"English",0,0,"Y",8.337,361.025811270645,1
"ef9702d4-36b9-4de8-a045-dbce0eb27a98",0,"3-2",10265,9064,1201,120,0.666666666666667,1438,21,"desktop",0,"college",0,"English",0,0,"Y",10.697,794.351279788173,0.5
"ef9702d4-36b9-4de8-a045-dbce0eb27a98",1,"3-1",10018,7201,2817,106,1,1438,21,"desktop",0,"college",0,"English",0,0,"Y",11.081,883.210665185391,0.5
"f01af761-d426-46f0-ac95-33b120cf9e23",1,"3-1",29950,27822,2128,106,1,1438,21,"desktop",0,"college",1,"English",0,0,"Y",11.081,228.596075048523,1
"f0cad925-aff5-4a6c-a8f2-4a0eaeaa248c",0,"1-2",96841,91375,5466,383,0.666666666666667,1438,28,"desktop",0,"college",0,"English",0,0,"Y",10.485,251.491108071135,3.5
"f0cad925-aff5-4a6c-a8f2-4a0eaeaa248c",1,"1-1",60438,56132,4306,324,0.666666666666667,1438,28,"desktop",0,"college",0,"English",0,0,"Y",9.6,346.326516069265,2
"f1d9d03c-16e7-467d-8734-070773d65aed",0,"1-1",102525,92767,9758,324,1,1135,25,"laptop",0,"college",1,"English",0,0,"Y",9.6,209.557277911326,2.5
"f1d9d03c-16e7-467d-8734-070773d65aed",1,"1-2",115654,102090,13564,383,1,1135,25,"laptop",0,"college",1,"English",0,0,"Y",10.485,225.095503967088,3
"f21d665c-a1a5-47e4-a82b-fd8cf0b24f43",1,"2-2",23024,22740,284,166,1,1438,21,"desktop",0,"college",0,"English",0,0,"Y",7.638,437.994722955145,1.5
"f33ac1f3-83dc-471c-9b3d-dacdf51395f3",0,"3-2",35383,24683,10700,120,1,1366,30,"laptop",0,"college",0,"English",0,0,"Y",10.697,291.698740023498,1.5
"f33ac1f3-83dc-471c-9b3d-dacdf51395f3",1,"3-1",32242,19931,12311,106,1,1366,30,"laptop",0,"college",0,"English",0,0,"Y",11.081,319.10089809844,2
"f3976e86-1195-43c9-a4d9-901ec02d365d",0,"3-1",53954,52989,965,106,1,1438,35,"desktop",0,"high school",0,"German",0,0,"N",11.081,120.02491083055,2
"f3976e86-1195-43c9-a4d9-901ec02d365d",1,"3-2",37244,34528,2716,120,1,1438,35,"desktop",0,"high school",0,"German",0,0,"N",10.697,208.52641334569,1.5
"f4c048c3-5be9-4b2a-b8fd-4e03516dac50",1,"2-2",34969,26479,8490,166,1,1294,24,"laptop",0,"college",1,"Chinese",0,0,"N",7.638,376.147135465841,3
"f5c14e8b-4996-4b12-b844-3d5e0f8548e1",1,"1-1",55150,50636,4514,324,0.666666666666667,1366,28,"laptop",0,"college",1,"English",0,0,"Y",9.6,383.916581088554,1.5
"f651fa11-f278-4210-a9d1-b266fc9ea9b1",0,"3-2",63588,61223,2365,120,1,1438,35,"desktop",2,"college",1,"English",0,1,"Y",10.697,117.602861669634,6.5
"f67e5c09-d2e4-47d1-9df5-bbf2a9c7765a",1,"3-2",40079,38856,1223,120,1,1438,32,"desktop",0,"professional school",1,"English",0,0,"Y",10.697,185.299567634342,1.5
"f74db555-3110-484a-bdc4-b09f6cf1c720",0,"3-2",41636,39759,1877,120,1,1135,33,"laptop",0,"college",1,"English",0,0,"Y",10.697,181.091073719158,2
"f74db555-3110-484a-bdc4-b09f6cf1c720",1,"3-1",17977,15496,2481,106,1,1135,33,"laptop",0,"college",1,"English",0,0,"Y",11.081,410.42849767682,1
"f899e672-b04f-45ac-8570-174894f1831c",1,"1-1",55716,40617,15099,324,0.666666666666667,1366,35,"laptop",0,"graduate school",0,"English",0,0,"Y",9.6,478.61732771992,2
"f9b78c22-3fa5-4a9d-b697-ca70e5a794a3",0,"1-1",46602,44658,1944,324,0.666666666666667,1212,25,"laptop",0,"graduate school",1,"Portuguese",0,0,"N",9.6,435.308343409915,2
"f9b78c22-3fa5-4a9d-b697-ca70e5a794a3",1,"1-2",49438,42501,6937,383,1,1212,25,"laptop",0,"graduate school",1,"Portuguese",0,0,"N",10.485,540.693160160937,1.5
"fa246754-e497-43c2-b08f-7b8daea1b410",1,"1-2",71649,68848,2801,383,1,1135,55,"desktop",0,"PhD",1,"English",0,0,"Y",10.485,333.778759005345,2
"fb6a141a-25cb-4495-9b22-48bc79dbd24e",0,"2-1",18186,16411,1775,145,0.666666666666667,1137,28,"laptop",0,"graduate school",1,"English",0,0,"Y",8.337,530.132228383401,2
"fc04e88b-4dcb-4ad4-8171-4e21fe5f259e",1,"1-2",66330,61180,5150,383,1,1212,35,"laptop",0,"high school",1,"English",0,0,"Y",10.485,375.612945406996,3
"fc8fca36-1e38-4e4c-9112-621a6a9471e9",0,"2-2",24785,24152,633,166,0.666666666666667,1212,21,"laptop",0,"high school",1,"English",0,0,"Y",7.638,412.388208015899,1.5
"fc8fca36-1e38-4e4c-9112-621a6a9471e9",1,"2-1",23543,21829,1714,145,1,1212,21,"laptop",0,"high school",1,"English",0,0,"Y",8.337,398.552384442714,1.5
"fd573d43-4bb4-408c-a8c5-790b562841e6",0,"2-1",94997,89476,5521,145,0.666666666666667,1310,64,"desktop",1,"PhD",0,"English",0,1,"Y",8.337,97.2327775045822,2.5
"fd573d43-4bb4-408c-a8c5-790b562841e6",1,"2-2",60427,58899,1528,166,1,1310,64,"desktop",1,"PhD",0,"English",0,1,"Y",7.638,169.103040798655,2
"fecaf7b1-1db6-46d4-92ab-aa1864c179ac",1,"3-1",37442,27435,10007,106,1,1294,50,"laptop",0,"PhD",1,"English",0,0,"Y",11.081,231.820667031165,2
"ff595b52-47c0-48de-a732-ca6f366d3dfb",0,"3-2",27498,19670,7828,120,1,1438,48,"desktop",0,"college",1,"English",0,0,"Y",10.697,366.039654295882,1
"ff595b52-47c0-48de-a732-ca6f366d3dfb",1,"3-1",25770,22740,3030,106,1,1438,48,"desktop",0,"college",1,"English",0,0,"Y",11.081,279.683377308707,1
"ff86ae10-c0aa-47ec-8b3d-4d48cafa9039",0,"2-1",38061,36858,1203,145,1,1438,50,"desktop",0,"college",0,"English",0,0,"Y",8.337,236.041022301807,1.5
"ff86ae10-c0aa-47ec-8b3d-4d48cafa9039",1,"2-2",34747,34747,0,166,1,1438,50,"desktop",0,"college",0,"English",0,0,"Y",7.638,286.6434512332,1.5
"ffecc92e-4523-43bc-881f-86a60ec0cb05",0,"1-2",72999,70214,2785,383,1,1438,57,"desktop",0,"graduate school",1,"English",0,0,"Y",10.485,327.285156806335,2
"ffecc92e-4523-43bc-881f-86a60ec0cb05",1,"1-1",78226,75572,2654,324,1,1438,57,"desktop",0,"graduate school",1,"English",0,0,"Y",9.6,257.238130524533,1.5
"fff115a4-7e00-4376-888b-03c5bdee5f3a",0,"1-2",80713,65240,15473,383,1,1265,38,"laptop",0,"college",1,"Spanish",0,0,"N",10.485,352.2378908645,3.5
"fff115a4-7e00-4376-888b-03c5bdee5f3a",1,"1-1",80846,65260,15586,324,1,1265,38,"laptop",0,"college",1,"Spanish",0,0,"N",9.6,297.88538155072,4.5
